feature,Fold_0_importance,Fold_1_importance,Fold_2_importance,Fold_3_importance,Fold_4_importance,Fold_5_importance,Fold_6_importance,Fold_7_importance,Fold_8_importance,Fold_9_importance,Fold_10_importance,Fold_11_importance,Fold_12_importance,Fold_13_importance,Fold_14_importance,mean_importance,std_importance,variance,cv
day_of_study,0.0,0.0,0.0,0.0,0.0017225896,0.004794329,0.0,0.0108531825,0.0,0.0,0.004344194,0.0,0.0,0.009643728,0.0,0.0020905348733333334,0.003684552175413812,1.3575924733346656e-05,1.7624925670523912
day_of_study_lag_1,0.0,0.0,0.0,0.0,0.0,0.0,0.0,0.0,0.0029241818,0.0,0.0,0.00028023674,0.0,0.00045135323,0.0010339759,0.00031264984466666666,0.0007762523912711245,6.025677749541389e-07,2.48281713396893
delta_2_day_of_study,0.0,0.0,0.0,0.0,0.0,0.0,0.0,0.0,0.0,0.019822512,0.0,0.006132585,0.02528088,0.019818082,0.04309555,0.007609973933333333,0.013231377018602952,0.00017506933780841433,1.7386888752202758
delta_2_exponential_firstorder_Entropy,0.0,0.0,0.0,0.0,0.0,0.0,0.0058933455,0.0008626628,0.0,0.0,0.0,0.0,0.0,0.0,0.008793414,0.0010366281533333332,0.0026278843899883325,6.90577636714435e-06,2.5350308898501646
delta_2_exponential_gldm_DependenceEntropy,0.0,0.0,0.0,0.0,0.0,0.0,0.0,0.0,0.0,0.0,0.0,0.0,0.0,0.0,0.0,0.0,0.0,0.0,
delta_2_exponential_glrlm_GrayLevelNonUniformityNormalized,0.0,0.0,0.0,0.0,0.0,0.0,0.0,0.0,0.0,0.0,0.0,0.0,0.0,0.0,0.0,0.0,0.0,0.0,
delta_2_exponential_glrlm_ShortRunHighGrayLevelEmphasis,0.0,0.0,0.0,0.0,0.0,0.043217722,0.008921808,0.0,0.0,0.0,0.0,0.0,0.0,0.0,0.0,0.003475968666666667,0.011231762297429495,0.00012615248430595868,3.231261088495474
delta_2_log-sigma-1-0-mm-3D_firstorder_Skewness,0.0,0.0,0.0,0.0,0.0,0.0,0.0,0.0,0.0,0.0,0.0,0.0,0.0,0.0,0.0,0.0,0.0,0.0,
delta_2_log-sigma-1-0-mm-3D_gldm_DependenceEntropy,0.0,0.0,0.0,0.0,0.013018713,0.0,0.0,0.0,0.0,0.0013670053,0.0,0.0,0.0,0.0,0.0,0.0009590478866666666,0.0033547301246874867,1.125421420948572e-05,3.4979797894632974
delta_2_log-sigma-1-0-mm-3D_glrlm_HighGrayLevelRunEmphasis,0.0,0.0,0.0,0.0,0.0,0.0,0.0,0.0,0.0,0.0,0.0,0.0,0.0,0.0,0.0,0.0,0.0,0.0,
delta_2_log-sigma-1-0-mm-3D_ngtdm_Busyness,0.0,0.0,0.0,0.0,0.0,0.0,0.0,0.0,0.0,0.0,0.0,0.0030715275,0.0,0.0,0.0,0.00020476849999999998,0.0007930649903278733,6.289520788837498e-07,3.8729833462074166
delta_2_log-sigma-2-0-mm-3D_glcm_JointEntropy,0.0,0.0,0.0,0.0,0.0,0.0,0.0,0.0,0.0,0.0,0.0,0.0,0.0,0.0,0.0,0.0,0.0,0.0,
delta_2_log-sigma-2-0-mm-3D_gldm_DependenceEntropy,0.0,0.0,0.0,0.0,0.0,0.0,0.0,0.0,0.0,0.0,0.0,0.0,0.0,0.0,0.0,0.0,0.0,0.0,
delta_2_log-sigma-2-0-mm-3D_glrlm_HighGrayLevelRunEmphasis,0.0,0.0,0.0,0.0,0.0,0.0,0.0,0.0,0.0,0.0,0.0,0.0,0.0,0.0,0.0,0.0,0.0,0.0,
delta_2_log-sigma-2-0-mm-3D_glszm_SizeZoneNonUniformity,0.0,0.0,0.0,0.0,0.0,0.0,0.0,0.0,0.0,0.0,0.0,0.0,0.0,0.0,0.0,0.0,0.0,0.0,
delta_2_log-sigma-2-0-mm-3D_glszm_ZoneEntropy,0.0,0.0,0.0,0.0,0.0,0.0,0.0,0.0,0.0,0.0,0.0,0.0,0.0,0.0015310546,0.014807934,0.0010892659066666667,0.0038155839686469808,1.4558681021795843e-05,3.5028948811253047
delta_2_log-sigma-3-0-mm-3D_firstorder_Kurtosis,0.0,0.0,0.017710019,0.0,0.0,0.0,0.0,0.0,0.0071083354,0.0,0.0,0.0,0.0,0.0,0.0,0.00165455696,0.004804089211516933,2.307927315221339e-05,2.903550211723707
delta_2_log-sigma-3-0-mm-3D_firstorder_Range,0.0,0.0,0.0,0.0,0.0,0.0,0.0,0.005862847,0.0,0.0,0.0,0.0,0.0,0.0,0.0,0.00039085646666666665,0.0015137805861574743,2.2915316630272666e-06,3.872983346207417
delta_2_log-sigma-3-0-mm-3D_gldm_LargeDependenceLowGrayLevelEmphasis,0.0,0.0,0.0,0.0,0.0,0.0,0.0,0.02254637,0.0,0.0069157314,0.0,0.0,0.0,0.0,0.0,0.0019641400933333333,0.0059659656527688894,3.559274617001812e-05,3.0374440565713803
delta_2_log-sigma-3-0-mm-3D_glszm_GrayLevelNonUniformityNormalized,0.0,0.0,0.0,0.0,0.0,0.0,0.0,0.0,0.0,0.0,0.0,0.0,0.0,0.0,0.0,0.0,0.0,0.0,
delta_2_logarithm_glcm_Autocorrelation,0.0,0.0,0.0,0.0,0.0,0.0,0.0,0.0,0.0,0.0,0.0,0.0,0.0,0.0,0.0,0.0,0.0,0.0,
delta_2_logarithm_glszm_GrayLevelVariance,0.0,0.0,0.0,0.0,0.0,0.0,0.0,0.0,0.0,0.0,0.0,0.0,0.0,0.0,0.0,0.0,0.0,0.0,
delta_2_logarithm_glszm_HighGrayLevelZoneEmphasis,0.0,0.0,0.0,0.0,0.0,0.0,0.0,0.0,0.0,0.0,0.0,0.0,0.0,0.0,0.0,0.0,0.0,0.0,
delta_2_logarithm_glszm_SmallAreaHighGrayLevelEmphasis,0.0,0.0,0.0,0.0,0.0,0.0,0.0,0.03749493,0.009951503,0.0,0.0,0.0,0.0,0.0,0.0,0.0031630955333333335,0.009837336266087083,9.677318481207216e-05,3.1100345096818183
delta_2_original_firstorder_10Percentile,0.0,0.0,0.0,0.0,0.009200739,0.0,0.0,0.0,0.0,0.0,0.0,0.0,0.0,0.0,0.0,0.0006133826,0.0023756205946534052,5.643573209741399e-06,3.8729833462074166
delta_2_original_firstorder_90Percentile,0.0,0.0,0.0,0.0,0.0,0.0,0.018100616,0.0,0.0,0.0,0.0,0.0,0.0,0.0,0.0007356363,0.0012557501533333331,0.004663841408962782,2.175141668795595e-05,3.7139883252913184
delta_2_original_firstorder_Maximum,0.0,0.0,0.0,0.0,0.0,0.0,0.0,0.0,0.0,0.0,0.0,0.0,0.0,0.0,0.0,0.0,0.0,0.0,
delta_2_original_gldm_DependenceNonUniformityNormalized,0.0,0.0,0.0,0.0,0.0,0.0,0.0,0.0,0.0,0.0,0.002526783,0.0,0.001403508,0.0,0.0,0.0002620194,0.0007233184709333779,5.231896103933999e-07,2.760553115278403
delta_2_original_glrlm_LongRunHighGrayLevelEmphasis,0.0,0.0,0.0,0.0,0.0,0.0,0.0,0.0,0.0,0.0,0.0,0.0,0.0,0.0,0.0,0.0,0.0,0.0,
delta_2_original_glrlm_RunEntropy,0.0,0.0,0.0,0.0,0.0,0.0,0.0,0.0,0.0,0.0,0.0,0.0,0.0,0.0,0.0,0.0,0.0,0.0,
delta_2_original_glszm_SizeZoneNonUniformity,0.0,0.0,0.0,0.0,0.0,0.0,0.0,0.0,0.0,0.0,0.0,0.0,0.0,0.0,0.0,0.0,0.0,0.0,
delta_2_original_ngtdm_Busyness,0.0,0.0,0.0,0.0,0.0,0.0,0.0,0.0,0.0,0.0,0.0,0.0,0.0,0.0,0.0,0.0,0.0,0.0,
delta_2_original_ngtdm_Coarseness,0.0,0.0,2.7805794e-05,0.0,0.0,0.0,0.0,0.0,0.0,0.0,0.0,0.0,0.0,0.0,0.0,1.8537196e-06,7.179425139338274e-06,5.154414533136239e-11,3.872983346207416
delta_2_original_shape2D_Elongation,0.0,0.0,0.0,0.0,0.0,0.0,0.0,0.0,0.0,0.0,0.0,0.00090660225,0.0,0.0,0.0,6.044015e-05,0.00023408369439227824,5.479517598033752e-08,3.8729833462074175
delta_2_original_shape2D_MajorAxisLength,0.0,0.0,0.0,0.0,0.0,0.0,0.0,0.0,0.0,0.0,0.0,0.0,0.0,0.0006216042,0.0021704494,0.00018613690666666668,0.000571810293158396,3.2696701136189073e-07,3.071987728808623
delta_2_square_gldm_DependenceNonUniformityNormalized,0.0,0.0,0.0,0.0,0.0,0.0,0.0,0.0,0.0017128426,0.0,0.0007181169,0.00094397017,0.0,0.0,0.0,0.00022499531133333332,0.0005057708391625348,2.558041417471747e-07,2.2479172395429567
delta_2_square_glrlm_ShortRunHighGrayLevelEmphasis,0.0,0.0,0.0,0.0,0.0,0.00949632,0.0,0.0,0.0,0.0,0.0,0.0,0.0,0.0,0.0,0.0006330880000000001,0.002451939280683761,6.01200623616e-06,3.8729833462074166
delta_2_square_glszm_GrayLevelNonUniformityNormalized,0.0,0.0,0.0,0.0,0.0,0.0,0.0,0.0,0.0,0.0,0.0,0.0010195565,0.0,0.0,0.0,6.797043333333333e-05,0.00026324835633450145,6.929969711281665e-08,3.8729833462074166
delta_2_square_glszm_HighGrayLevelZoneEmphasis,0.0,0.0,0.0,0.0,0.0,0.0,0.0,0.0,0.0,0.0,0.0,0.0,0.0,0.0,0.0,0.0,0.0,0.0,
delta_2_square_glszm_LargeAreaHighGrayLevelEmphasis,0.0,0.0,0.0,0.0,0.0,0.0,0.0,0.0,0.0,0.0020363547,0.0,0.0,0.0049175504,0.0011596271,0.0,0.0005409021466666666,0.0013439055671484812,1.806082173412681e-06,2.484563197669595
delta_2_squareroot_firstorder_Entropy,0.0,0.0,0.0,0.0,0.0,0.0,0.0,0.0,0.0,0.0,0.0,0.0,0.029045,0.0,0.0,0.0019363333333333335,0.007499386752706295,5.624080166666667e-05,3.8729833462074166
delta_2_squareroot_firstorder_Mean,0.0,0.0,0.0,0.0,0.0,0.0,0.0,0.0,0.0,0.0,0.0,0.0,0.0,0.009278762,0.0,0.0006185841333333333,0.002395766046628148,5.739694950176266e-06,3.8729833462074166
delta_2_squareroot_glcm_Autocorrelation,0.0,0.0,0.0,0.0,0.0,0.0,0.0,0.0,0.0,0.0,0.0,0.0,0.0,0.0,0.0,0.0,0.0,0.0,
delta_2_squareroot_glcm_ClusterShade,0.0,0.0,0.0,0.0,0.0,0.0,0.0,0.0,0.0,0.0,0.0,0.0,0.0,0.0,0.0,0.0,0.0,0.0,
delta_2_squareroot_glszm_SizeZoneNonUniformityNormalized,0.0,0.0,0.0,0.0,0.0,0.0,0.0,0.0,0.0,0.0,0.0,0.0,0.0,0.0,0.0,0.0,0.0,0.0,
delta_2_wavelet-HH_gldm_DependenceEntropy,0.0,0.0,0.0,0.0,0.007586434,0.0,0.0,0.0,0.0,0.0,0.0,0.0,0.008194537,0.0,0.0,0.0010520647333333332,0.002778769183262219,7.72155817384778e-06,2.6412530476694553
delta_2_wavelet-HL_gldm_LargeDependenceHighGrayLevelEmphasis,0.0,0.0,0.0,0.0,0.0,0.0,0.0,0.0,0.0,0.0,0.0,0.0005823309,0.0,0.0,0.0,3.882206e-05,0.00015035719184546513,2.2607285139654005e-08,3.8729833462074175
delta_2_wavelet-LH_firstorder_Skewness,0.0,0.0,0.0,0.0,0.0,0.0,0.010236921,0.06988198,0.0,0.0,0.0,0.0,0.0,0.0,0.0,0.0053412600666666666,0.018048248418740805,0.00032573927098457996,3.3790244611706806
delta_2_wavelet-LL_gldm_DependenceNonUniformityNormalized,0.0,0.0,0.0,0.0,0.0,0.0,0.0,0.0,0.0,0.0,0.0,0.0,0.0,0.0,0.0,0.0,0.0,0.0,
delta_2_wavelet-LL_glrlm_LongRunHighGrayLevelEmphasis,0.0,0.0,0.0,0.0,0.0,0.0,0.0,0.0,0.0,0.0,0.0,0.0,0.0,0.0,0.0,0.0,0.0,0.0,
delta_2_wavelet-LL_glrlm_LongRunLowGrayLevelEmphasis,0.0,0.0,0.0,0.0,0.0,0.0,0.0,0.0,0.0,0.0,0.0,0.0,0.0,0.0,0.0,0.0,0.0,0.0,
delta_2_wavelet-LL_glrlm_RunEntropy,0.0,0.0,0.0,0.0,0.0,0.0,0.0,0.0,0.0,0.0,0.0,0.0,0.0,0.0,0.0,0.0,0.0,0.0,
exponential_firstorder_Entropy,0.0,0.0,0.02608424,0.0,0.0,0.0,0.0,0.014260007,0.074635886,0.012044569,0.0,0.019531904,0.0020629396,0.017117742,0.012516074,0.01188355744,0.019487099449163468,0.0003797470449415871,1.6398371908036546
exponential_firstorder_Entropy_lag_1,0.0,0.0075009544,0.0,0.0,0.0,0.0,0.0,0.0,0.0,0.0026668257,0.0,0.0,0.0,0.0,0.0,0.0006778520066666666,0.0020086247263973824,4.0345732914949595e-06,2.9632201522494315
exponential_firstorder_Range,0.0,0.038960986,0.0039687087,0.010034717,0.0020955196,0.0,0.0,0.0,0.0038566317,0.004458543,0.0,0.0,0.0024264231,0.0,0.00034099488,0.004409501598666667,0.009956678597062233,9.913544868519716e-05,2.258005439905704
exponential_glcm_Autocorrelation,0.0,0.0,0.00012675341,0.0,0.0,0.0,0.0,0.0,0.0,0.0,0.0,0.0,0.0,0.0,0.0,8.450227333333333e-06,3.272758973366671e-05,1.0710951297752068e-09,3.8729833462074175
exponential_glcm_ClusterProminence,0.0,0.0,0.0044132164,0.0017920054,0.0,0.004184315,0.0,0.0034285984,0.0,0.0,0.0,0.0,0.0,0.0008123468,0.0,0.0009753654666666666,0.0016548927840659056,2.738670126753404e-06,1.6966899491751934
exponential_glcm_ClusterShade,0.0,0.0,0.0,0.0,0.0,0.0,0.0,0.0,0.0,0.0,0.0,0.0,0.0,0.0,0.0,0.0,0.0,0.0,
exponential_glcm_Imc1,0.0,0.018545559,0.0,0.035808776,0.020829719,0.0,0.046007756,0.0,0.0,0.0,0.0,0.0,0.0,0.0,0.0,0.008079454,0.015112987198677394,0.00022840238206738676,1.8705456084875778
exponential_gldm_DependenceEntropy,0.0,0.0,0.0,0.0,0.0,0.0,0.0,0.016028069,0.0,0.008445869,0.019432718,0.027627474,0.021083644,0.013044575,0.011159791,0.007788142666666667,0.009630806118870607,9.275242649927552e-05,1.2365985744060082
exponential_gldm_DependenceEntropy_lag_1,0.0,0.0,0.11222907,0.0,0.0,0.0,0.033355825,0.0,0.0,0.0,0.0,0.0,0.0,0.0,0.0,0.009705659666666666,0.029634653666440344,0.0008782126979298661,3.053337401497629
exponential_gldm_DependenceNonUniformityNormalized,0.0,0.0,0.0,0.0,0.0,0.0,0.0,0.0,0.0,0.0,0.0,0.0,0.0,0.0,0.0,0.0,0.0,0.0,
exponential_glrlm_GrayLevelNonUniformityNormalized,0.0,0.0037545748,0.008655481,0.0,0.0012205495,0.0,0.0012626615,0.0008129081,0.0015190104,0.026033822,0.0,0.0013246814,0.0013457859,0.00796684,0.0,0.00359308764,0.006793950127937667,4.6157758340904245e-05,1.89083896877552
exponential_glrlm_GrayLevelNonUniformityNormalized_lag_1,0.0,0.11241976,0.052836154,0.002731204,0.0,0.0,0.0,0.0,0.0,0.0,0.0,0.0,0.0,0.0,0.0029236698,0.01139405252,0.031051227760325567,0.0009641787454236131,2.7252136766809962
exponential_glrlm_LongRunHighGrayLevelEmphasis,0.0,0.0,0.0,0.0,0.0,0.0,0.0,0.0016460626,0.0,0.0,0.0,0.0,0.0,0.0,0.0066917366,0.0005558532800000001,0.001749576842177987,3.0610191266854967e-06,3.1475515304649937
exponential_glrlm_LongRunLowGrayLevelEmphasis,0.0,0.0,0.0,0.0010108387,0.0,0.0,0.0,0.0,0.0,0.0,0.0,0.0,0.017973784,0.0,0.0,0.0012656415133333332,0.004629493797937489,2.1432212825141673e-05,3.6578239170938245
exponential_glrlm_RunEntropy,0.0,0.0,0.0,0.0,0.0,0.0,0.0,0.0,0.0,0.0,0.0,0.0,0.0,0.0,0.0,0.0,0.0,0.0,
exponential_glrlm_ShortRunHighGrayLevelEmphasis,0.0,0.11333545,0.0,0.0,0.0,0.0,0.0,0.0,0.0,0.0,0.0,0.0,0.0,0.0,0.0,0.007555696666666667,0.02926308735899489,0.0008563282817801665,3.8729833462074166
exponential_glrlm_ShortRunHighGrayLevelEmphasis_lag_1,0.0,0.0,0.0,0.0,0.0,0.0,0.0,0.0,0.0,0.0,0.0,0.0,0.0,0.0,0.0,0.0,0.0,0.0,
exponential_glszm_GrayLevelNonUniformity,0.0,0.0,0.0,0.0,0.0024392852,0.0,0.0,0.0,0.0,0.010015838,0.0,0.03271775,0.0,0.0,0.0,0.0030115248799999998,0.008621729428140098,7.433421833205698e-05,2.862911571940956
exponential_glszm_GrayLevelVariance,0.0,0.0,0.0057710484,0.0,0.0,0.0,0.0,0.0,0.0,0.0,0.0,0.0,0.0,0.0,0.0,0.00038473656,0.0014900782895571308,2.2203333090095047e-06,3.8729833462074175
exponential_glszm_HighGrayLevelZoneEmphasis,0.0,0.0,0.0,0.0,0.0,0.0,0.0,0.0,0.0,0.0,0.0010370247,0.0052796407,0.0,0.0,0.0,0.00042111102666666665,0.0013703495043706074,1.8778577641287695e-06,3.2541287631855744
exponential_glszm_SizeZoneNonUniformity,0.0,0.0,0.0,0.0,0.0,0.0,0.0,0.0,0.0,0.0,0.0,0.0,0.0,0.0,0.0,0.0,0.0,0.0,
exponential_glszm_SmallAreaHighGrayLevelEmphasis,0.0,0.0,0.0,0.0,0.0011424001,0.0,0.0,0.0,0.0,0.0,0.0,0.0,0.0,0.011295721,0.000225318,0.0008442292733333333,0.002906376156833591,8.447022365010794e-06,3.4426384498113047
gradient_firstorder_90Percentile,0.0052240854,0.0,0.0,0.0,0.02172965,0.0,0.0,0.0,0.0,0.0,0.0,0.0,0.0,0.0,0.0,0.0017969156933333335,0.005675984290064204,3.221679766105564e-05,3.158737113333948
gradient_firstorder_Kurtosis,0.033057127,0.0,0.0,0.0,0.0,0.0,0.0,0.0,0.0,0.0,0.0,0.0,0.0,0.0,0.0,0.0022038084666666665,0.008535313489630904,7.285157636627529e-05,3.872983346207418
gradient_glcm_ClusterProminence,0.0,0.0,0.0,0.0,0.0,0.0,0.0,0.0,0.0,0.0,0.0,0.0,0.0,0.0,0.0,0.0,0.0,0.0,
gradient_glcm_Imc1,0.0,0.0,0.0,0.0,0.0,0.0,0.0,0.0,0.0,0.0,0.0,0.0,0.0,0.0,0.0,0.0,0.0,0.0,
gradient_glrlm_RunEntropy,0.0,0.0,0.0,0.0,0.0,0.0,0.0,0.0,0.0,0.0,0.0,0.0,0.0,0.0,0.0,0.0,0.0,0.0,
gradient_glszm_GrayLevelNonUniformityNormalized,0.0,0.0,0.0,0.0,0.0,0.0,0.0,0.0,0.0,0.0,0.0,0.0,0.0,0.011901615,0.0,0.0007934410000000001,0.003072983779198159,9.443229307215e-06,3.8729833462074166
gradient_glszm_LargeAreaEmphasis,0.0,0.0,0.0,0.0,0.0,0.0,0.0,0.0,0.0,0.0,0.0,0.0,0.0,0.0,0.0,0.0,0.0,0.0,
gradient_glszm_SizeZoneNonUniformityNormalized,0.0,0.0,0.0010454445,0.0014120949,0.0,0.0,0.0010540221,0.0,0.0,0.00043149502,0.00050965045,0.0002278184,0.0002588156,0.00035344964,0.0003120544,0.000373656334,0.00045440430594250765,2.064832732590921e-07,1.2161022431443853
gradient_glszm_ZoneVariance,0.012366496,0.001541557,0.0,0.0014902828,0.0,0.0,0.0007176327,0.0,0.00067835563,0.0,0.0,0.0,0.0,0.0,0.0,0.0011196216086666667,0.003158881345623602,9.978531355728778e-06,2.8213829754370727
gradient_ngtdm_Strength,0.0,0.0,0.0,0.0,0.0,0.0,0.0,0.0,0.0,0.0,0.0,0.0,0.0,0.0,0.0,0.0,0.0,0.0,
log-sigma-1-0-mm-3D_firstorder_Kurtosis,0.089418784,0.0045943954,0.0038426286,0.0135075245,0.0,0.0,0.0,0.0,0.0,0.0,0.00049584307,0.0,0.028115703,0.0,0.0,0.009331658571333334,0.023449927282800792,0.0005498990895686449,2.5129431283350305
log-sigma-1-0-mm-3D_firstorder_Minimum,0.0,0.0,0.0,0.0,0.0,0.0,0.0,0.0016101073,0.0,0.0081593115,0.0,0.0,0.0,0.009481995,0.0,0.0012834275866666666,0.0030980090760993487,9.59766023559394e-06,2.413855762712359
log-sigma-1-0-mm-3D_firstorder_Skewness,0.0,0.0,0.0,0.0,0.0,0.0,0.0,0.0,0.0,0.0015801066,0.0045309346,0.0020545574,0.0020692851,0.0,0.0,0.00068232558,0.0013241096522079183,1.7532663710701742e-06,1.9405833388335203
log-sigma-1-0-mm-3D_firstorder_Skewness_lag_1,0.0,0.0,0.0,0.0,0.0,0.0007443921,0.0,0.00054802035,0.0,0.0,0.0,0.0,0.0,0.0,0.0,8.616083e-05,0.00023038641036965318,5.307789808301424e-08,2.673911223576342
log-sigma-1-0-mm-3D_glcm_Autocorrelation,0.0,0.0,0.0,0.0,0.0,0.0,0.0,0.0,0.0,0.0,0.0,0.0,0.0,0.0,0.0,0.0,0.0,0.0,
log-sigma-1-0-mm-3D_gldm_DependenceEntropy,0.0,0.0,0.0,0.0,0.0,0.0036408086,0.004453701,0.0065394575,0.0,0.012592128,0.0020194051,0.022346357,0.038577255,0.008460773,0.016889952,0.00770132248,0.010997594030682472,0.00012094707446370273,1.42801370274297
log-sigma-1-0-mm-3D_gldm_DependenceEntropy_lag_1,0.0,0.0,0.0,0.0,0.0,0.0,0.0,0.0,0.0,0.0,0.0,0.0,0.0,0.0,0.0,0.0,0.0,0.0,
log-sigma-1-0-mm-3D_gldm_LargeDependenceHighGrayLevelEmphasis,0.0,0.0,0.0,0.0,0.0,0.0,0.0,0.0,0.0,0.0,0.0,0.0,0.0,0.0,0.0,0.0,0.0,0.0,
log-sigma-1-0-mm-3D_gldm_LargeDependenceLowGrayLevelEmphasis,0.0,0.0,0.0,0.0,0.0,0.0,0.0,0.0,0.0017517426,0.0,0.0,0.0,0.0,0.00016522767,0.0,0.000127798018,0.00045126151101404163,2.03636951322676e-07,3.5310525004702473
log-sigma-1-0-mm-3D_glrlm_HighGrayLevelRunEmphasis,0.0,0.0,0.0,0.0,0.0,0.0,0.0,0.0,0.0021310977,0.0,0.0,0.01341851,0.0,0.0,0.0,0.0010366405133333334,0.0034690327461987087,1.2034188194198954e-05,3.3464182632067705
log-sigma-1-0-mm-3D_glrlm_HighGrayLevelRunEmphasis_lag_1,0.0,0.0,0.0,0.0,0.0,0.0,0.0,0.0,0.0,0.0,0.0,0.0,0.0,0.0,0.0,0.0,0.0,0.0,
log-sigma-1-0-mm-3D_glszm_HighGrayLevelZoneEmphasis,0.0,0.0,0.0,0.0,0.0,0.0,0.0,0.0,0.006811292,0.0,0.0,0.0,0.0,0.0,0.0,0.00045408613333333334,0.0017586680321437205,3.0929132472842663e-06,3.8729833462074166
log-sigma-1-0-mm-3D_glszm_SizeZoneNonUniformity,0.0,0.0,0.0,0.0,0.0,0.0,0.0,0.0,0.0,0.0,0.0049405163,0.0,0.0,0.0,0.0,0.0003293677533333334,0.0012756358234377527,1.6272467540377133e-06,3.872983346207417
log-sigma-1-0-mm-3D_ngtdm_Busyness,0.0,0.0,0.0,0.0019561325,0.004365511,0.0,0.09832692,0.0,0.0040809303,0.0,0.0,0.016541135,0.0014880894,0.0,0.03608689,0.010856373879999999,0.026073927466143614,0.0006798496935097184,2.4017160567929534
log-sigma-1-0-mm-3D_ngtdm_Busyness_lag_1,0.0,0.0,0.0,0.0,0.0,0.0,0.0,0.0,0.0,0.0,0.0,0.0,0.0,0.0,0.0,0.0,0.0,0.0,
log-sigma-2-0-mm-3D_firstorder_Entropy,0.0,0.0,0.0012091448,0.0,0.0,0.0,0.0,0.0,0.0007765892,0.0,0.0,0.0,0.0,0.0,0.0,0.00013238226666666665,0.00035879221653114146,1.287318546433295e-07,2.710274008486093
log-sigma-2-0-mm-3D_firstorder_Kurtosis,0.0,0.0,0.0,0.0,0.0041032108,0.0,0.0010364255,0.0,0.0,0.0,0.0,0.0,0.0,0.0,0.005669103,0.00072058262,0.001737417127051469,3.01861827337178e-06,2.411128271524879
log-sigma-2-0-mm-3D_firstorder_Minimum,0.0,0.0,0.0,0.0,0.0,0.0,0.0,0.0,0.0,0.0,0.0,0.0,0.0,0.0,0.0,0.0,0.0,0.0,
log-sigma-2-0-mm-3D_glcm_Autocorrelation,0.0,0.0,0.035060607,0.0,0.0016768188,0.0014596836,0.0010604456,0.0020334146,0.00044608125,0.0005689313,0.0,0.0,0.0,0.0,0.00020118714,0.002833811286,0.008942489793978568,7.996812371541086e-05,3.1556405460580725
log-sigma-2-0-mm-3D_glcm_ClusterProminence,0.0,0.0,0.0,0.001709817,0.0,0.0005162625,0.00025209275,0.0,0.0,0.00023841493,0.0,0.0,0.0,0.0,0.0,0.00018110581200000002,0.00044868091181198087,2.0131456062443056e-07,2.477451755176034
log-sigma-2-0-mm-3D_glcm_JointEntropy,0.0,0.0,0.004417631,0.0,0.0063972487,0.025560746,0.0,0.0,0.0,0.014394128,0.040691063,0.015026209,0.014513092,0.022580544,0.0,0.009572044113333334,0.012388597452158442,0.00015347734683162663,1.2942478435616278
log-sigma-2-0-mm-3D_glcm_JointEntropy_lag_1,0.0,0.0,0.0,0.0,0.0,0.0,0.0,0.03505037,0.00027870553,0.010789539,0.0,0.00035173335,0.031530235,0.002781585,0.00556254,0.005756313858666666,0.01159110351278778,0.0001343536806441612,2.0136329945484635
log-sigma-2-0-mm-3D_gldm_DependenceEntropy,0.0,0.0,0.0,0.0,0.0,0.0,0.0,0.0,0.0,0.0,0.0,0.0,0.0,0.0,0.0,0.0,0.0,0.0,
log-sigma-2-0-mm-3D_gldm_DependenceEntropy_lag_1,0.0,0.0,0.0,0.0,0.010782962,0.0,0.03845373,0.0,0.0,0.0,0.0,0.0,0.0,0.0,0.0,0.003282446133333333,0.010118387897898769,0.00010238177365234426,3.0825754595471513
log-sigma-2-0-mm-3D_gldm_LargeDependenceLowGrayLevelEmphasis,0.0,0.0,0.0,0.0,0.0,0.0,0.0,0.0,0.019980391,0.0,0.0,0.0,0.0,0.0,0.0,0.0013320260666666666,0.00515891477291417,2.661440163419206e-05,3.8729833462074166
log-sigma-2-0-mm-3D_glrlm_HighGrayLevelRunEmphasis,0.0,0.0,0.0,0.0,0.0,0.0,0.0026633807,0.0023119494,0.0063862153,0.006429205,0.0006460009,0.0,0.0,0.007740442,0.0012578231,0.0018290010933333335,0.002755414579243572,7.59230950350803e-06,1.506513358186058
log-sigma-2-0-mm-3D_glrlm_HighGrayLevelRunEmphasis_lag_1,0.0,0.0,0.0,0.0,0.0,0.0,0.0,0.0,0.010339245,0.0,0.053278364,0.035053942,0.007004271,0.0033616486,0.010356544,0.007959600973333333,0.015564503318634107,0.00024225376355577213,1.9554376369844557
log-sigma-2-0-mm-3D_glszm_GrayLevelNonUniformity,0.0,0.0,0.0,0.0,0.0,0.0,0.020094762,0.0009821701,0.0,0.004803024,0.0,0.0037528167,0.0,0.0,0.0,0.0019755181866666664,0.005232977226088084,2.7384050648756535e-05,2.648913718641992
log-sigma-2-0-mm-3D_glszm_GrayLevelNonUniformityNormalized,0.0,0.0,0.0,0.0,0.0,0.0,0.0,0.0,0.0,0.0,0.0,0.0,0.0,0.0,0.0,0.0,0.0,0.0,
log-sigma-2-0-mm-3D_glszm_HighGrayLevelZoneEmphasis,0.0,0.0,0.0,0.0,0.0,0.0,0.0,0.0,0.0,0.0,0.0,0.0,0.0,0.0,0.0,0.0,0.0,0.0,
log-sigma-2-0-mm-3D_glszm_SizeZoneNonUniformity,0.0,0.0,0.0,0.010456293,0.0,0.02544196,0.0,0.0,0.0,0.0,0.0,0.005139741,0.0,0.0,0.027714755,0.0045835166,0.009396133733249093,8.828732913310153e-05,2.049983572274854
log-sigma-2-0-mm-3D_glszm_SizeZoneNonUniformity_lag_1,0.0,0.0,0.0,0.0,0.0,0.0,0.0,0.0,0.0,0.0,0.0,0.0,0.0,0.0,0.0,0.0,0.0,0.0,
log-sigma-2-0-mm-3D_glszm_ZoneEntropy,0.009855224,0.0,0.0,0.018496597,0.0,0.0,0.0060297674,0.0,0.0,0.0,0.0,0.0,0.021806126,0.0,0.0,0.0037458476266666665,0.007273455408261209,5.2903153575964234e-05,1.9417381947096632
log-sigma-2-0-mm-3D_glszm_ZoneEntropy_lag_1,0.0,0.0,0.007457796,0.0,0.0,0.0,0.0,0.009845026,0.0,0.0,0.0,0.0,0.0,0.0,0.0,0.0011535214666666667,0.0030773838785958132,9.47029153624141e-06,2.667816739890013
log-sigma-2-0-mm-3D_ngtdm_Busyness,0.0,0.0,0.0,0.0,0.0,0.0,0.0,0.0,0.0,0.0,0.0,0.0,0.0,0.0,0.0,0.0,0.0,0.0,
log-sigma-3-0-mm-3D_firstorder_90Percentile,0.0,0.0,0.0,0.0,0.0,0.0,0.0,0.0,0.0,0.0,0.0,0.0,0.00090878695,0.0,0.0,6.058579666666667e-05,0.0002346477815067088,5.5059581366020155e-08,3.8729833462074166
log-sigma-3-0-mm-3D_firstorder_Entropy,0.0,0.0,0.0,0.0,0.0,0.0,0.0,0.0,0.0,0.0,0.0,0.0,0.0,0.0,0.0,0.0,0.0,0.0,
log-sigma-3-0-mm-3D_firstorder_Kurtosis,0.0,0.0,0.0015523421,0.0,0.0009560321,0.0,0.0,0.0,0.0,0.0,0.0013706238,0.0003153213,0.0006218674,0.00045734947,0.00039874142,0.0003781518393333333,0.000528589809376316,2.7940718657649004e-07,1.3978242451714602
log-sigma-3-0-mm-3D_firstorder_Kurtosis_lag_1,0.0,0.0025972147,0.0,0.0,0.0,0.0,0.0,0.0,0.0,0.0,0.0,0.0002564819,0.0,0.004119092,0.0,0.00046485257333333337,0.0012111655349694116,1.466921953097741e-06,2.605483124003096
log-sigma-3-0-mm-3D_firstorder_Maximum,0.014500256,0.0,0.0,0.0,0.0013907846,0.0,0.0,0.0,0.0,0.0,0.0,0.0,0.0,0.0,0.0,0.0010594027066666667,0.0037355119599952265,1.3954049603267378e-05,3.5260547632059036
log-sigma-3-0-mm-3D_firstorder_Range,0.0,0.00952349,0.0,0.048363835,0.011684072,0.0011632045,0.00068361615,0.0,0.0,0.0,0.0,0.0,0.0,0.0,0.0,0.00476121451,0.012615347392828285,0.0001591469898417394,2.6496070207154525
log-sigma-3-0-mm-3D_firstorder_Range_lag_1,0.0,0.0,0.0,0.0,0.0,0.0,0.0,0.0,0.00028178233,0.0,0.0,0.0,0.0,0.00030537846,0.0,3.9144052666666665e-05,0.00010339709599563882,1.069095946033135e-08,2.6414509727984092
log-sigma-3-0-mm-3D_firstorder_Skewness,0.0,0.0,0.008380022,0.0009212883,0.0012958345,0.0,0.001192814,0.0007139445,0.00057984743,0.00086833956,0.0005521911,0.0,0.0013392466,0.00035919333,0.00028819742,0.001099394582666667,0.0020694380511660595,4.282573847613979e-06,1.8823433222187405
log-sigma-3-0-mm-3D_glcm_Autocorrelation,0.0,0.0,0.0,0.0,0.0,0.0,0.0,0.0,0.0,0.0,0.0,0.0,0.0,0.0,0.0,0.0,0.0,0.0,
log-sigma-3-0-mm-3D_glcm_ClusterProminence,0.0,0.0,0.0,0.0,0.018106315,0.0019448712,0.0,0.0014441748,0.0016091963,0.010173234,0.006375977,0.0013467796,0.00090839044,0.0,0.0006779439,0.0028391254826666667,0.005089437149564117,2.5902370499363323e-05,1.7926073294878924
log-sigma-3-0-mm-3D_glcm_ClusterShade,0.0,0.0,0.032038577,0.0009306615,0.0013337724,0.00094816094,0.00055262714,0.0,0.00026519006,0.0,0.00026026744,0.0,0.0,0.0,0.0,0.0024219504319999995,0.008204834412161228,6.731930773098509e-05,3.387697082382415
log-sigma-3-0-mm-3D_glcm_Imc1,0.0,0.0,0.0,0.0,0.009658583,0.0,0.0005110125,0.0,0.0,0.0019023485,0.0,0.0,0.0,0.0,0.0,0.0008047962666666667,0.0024993261048286085,6.246630978277745e-06,3.1055388902093255
log-sigma-3-0-mm-3D_glcm_Imc2,0.0,0.0,0.0,0.0,0.0,0.0,0.0,0.0,0.0,0.0,0.0,0.0,0.0,0.0,0.0,0.0,0.0,0.0,
log-sigma-3-0-mm-3D_glcm_JointEntropy,0.0,0.0,0.0,0.010848247,0.0,0.0,0.005929893,0.0,0.0,0.0072180387,0.033422202,0.017823098,0.009160256,0.008926159,0.0058422564,0.00661134334,0.009187434114116667,8.44089456012347e-05,1.3896471022055052
log-sigma-3-0-mm-3D_gldm_DependenceEntropy,0.0,0.0,0.0,0.0,0.0,0.0,0.023415713,0.0,0.034864873,0.0,0.0,0.018802442,0.0,0.0,0.0,0.005138868533333333,0.011088176659089915,0.00012294766162318637,2.1577077886243483
log-sigma-3-0-mm-3D_gldm_LargeDependenceLowGrayLevelEmphasis,0.0,0.0,0.0,0.0,0.0,0.0,0.0,0.06210432,0.030607944,0.008694334,0.0,0.0,0.0,0.0,0.0,0.006760439866666666,0.017287136081100576,0.0002988450738864894,2.5571022628774966
log-sigma-3-0-mm-3D_gldm_LargeDependenceLowGrayLevelEmphasis_lag_1,0.0,0.0,0.0,0.0,0.0,0.0,0.0010223298,0.0,0.0,0.0,0.0,0.0,0.0,0.0,0.0,6.815532000000001e-05,0.0002639644193154373,6.967721466453601e-08,3.8729833462074166
log-sigma-3-0-mm-3D_glszm_GrayLevelNonUniformity,0.0,0.0,0.0,0.0,0.0,0.0,0.0,0.0,0.0,0.0014219236,0.0,0.0,0.0,0.0,0.0,9.479490666666667e-05,0.00036713909482528645,1.3479111494913067e-07,3.872983346207417
log-sigma-3-0-mm-3D_glszm_GrayLevelNonUniformityNormalized,0.0,0.011532845,0.0023639996,0.007296081,0.0,0.0,0.0,0.0,0.0,0.0028169623,0.010314463,0.0067101982,0.0013036003,0.0,0.0001923986,0.0028353698666666667,0.004073648295307655,1.6594610433862963e-05,1.4367255373623407
log-sigma-3-0-mm-3D_glszm_GrayLevelNonUniformityNormalized_lag_1,0.0,0.0,0.0,0.0,0.0,0.0,0.0,0.0,0.013897401,0.0,0.011033736,0.0,0.0,0.0,0.016235597,0.0027444489333333334,0.005766254636143124,3.3249692528842065e-05,2.1010610057661325
log-sigma-3-0-mm-3D_glszm_HighGrayLevelZoneEmphasis,0.0,0.0,0.0,0.0,0.0,0.0,0.0031613663,0.0,0.0,0.0,0.0,0.00031786837,0.0,0.00020514577,0.0002882542,0.00026484230933333336,0.0008092470363595269,6.548807658566773e-07,3.0555806524893265
log-sigma-3-0-mm-3D_glszm_SizeZoneNonUniformity,0.0,0.0,0.0,0.0,0.0,0.0,0.0,0.0,0.0,0.0,0.0,0.0,0.0,0.0,0.0,0.0,0.0,0.0,
log-sigma-3-0-mm-3D_glszm_ZoneEntropy,0.0,0.0,0.0,0.0012952,0.0,0.0,0.0,0.0,0.0,0.0,0.0,0.0,0.0,0.0,0.0,8.634666666666667e-05,0.0003344192020005231,1.1183620266666668e-07,3.872983346207417
log-sigma-3-0-mm-3D_ngtdm_Busyness,0.0,0.0,0.0,0.0030657568,0.0,0.0,0.0,0.0,0.0,0.0,0.0,0.0,0.0,0.0,0.0,0.00020438378666666666,0.0007915750019948097,6.26590983783083e-07,3.872983346207418
logarithm_firstorder_Kurtosis,0.0,0.0,0.0,0.0,0.0,0.0,0.0,0.0,0.0,0.0,0.0,0.0,0.019186033,0.009771487,0.0120406225,0.0027332095,0.005955225185213466,3.546470700660076e-05,2.1788396334834434
logarithm_glcm_Autocorrelation,0.0,0.0,0.0,0.0,0.0,0.0,0.0,0.0,0.00041201248,0.0,0.00027006344,0.0,0.0,0.0,0.0,4.5471728e-05,0.00012296148484987202,1.5119526756485307e-08,2.7041304621164173
logarithm_glcm_Autocorrelation_lag_1,0.0,0.0,0.0,0.0,0.0014596452,0.0,0.0,0.0,0.0,0.0,0.0,0.0,0.00020127118,0.0,0.0,0.00011072775866666667,0.00037674969425444783,1.4194033212081993e-07,3.402486411637844
logarithm_glcm_ClusterShade,0.0,0.037088096,0.0,0.0,0.0,0.0,0.0,0.0,0.0,0.0,0.0,0.0,0.0,0.0,0.0,0.0024725397333333335,0.009576105210036127,9.170179099368106e-05,3.8729833462074166
logarithm_glcm_Imc1,0.0,0.0045120358,0.0,0.01335243,0.0,0.0,0.0005599443,0.0003569893,0.002188513,0.0020487467,0.0024134794,0.00041262072,0.0,0.0,0.00013563837,0.001732026506,0.0034753066084123522,1.2077756022474567e-05,2.006497358079318
logarithm_gldm_DependenceEntropy,0.0,0.002029545,0.0,0.0,0.0,0.0979069,0.00019452292,0.0,0.0,0.0091137355,0.02001771,0.00067281694,0.00055125565,0.00068563514,0.00074752414,0.008794643019333333,0.02523501834730058,0.0006368061509885968,2.869362439365218
logarithm_gldm_DependenceNonUniformityNormalized,0.0,0.0,0.0,0.0,0.0,0.0,0.0018210678,0.0032470783,0.0016525374,0.0,0.0,0.0,0.01895175,0.0,0.0,0.0017114955666666667,0.004868420521355916,2.370151837275941e-05,2.8445417073663366
logarithm_glrlm_GrayLevelVariance,0.0,0.0,0.0,0.0,0.0,0.0,0.0,0.0,0.0,0.0,0.0,0.0,0.0,0.0,0.0,0.0,0.0,0.0,
logarithm_glrlm_LongRunHighGrayLevelEmphasis,0.0,0.0,0.0,0.0,0.0,0.0,0.0,0.0003937603,0.0,0.0,0.0,0.0,0.0,0.0,0.0,2.6250686666666667e-05,0.0001016684722865091,1.0336478257072669e-08,3.872983346207417
logarithm_glrlm_LongRunLowGrayLevelEmphasis,0.0,0.0,0.0,0.017875947,0.0,0.0,0.0,0.0,0.0,0.0,0.0,0.0,0.0,0.0,0.0,0.0011917298,0.004615549668579095,2.1303298743120593e-05,3.8729833462074166
logarithm_glszm_GrayLevelNonUniformity,0.0,0.0,0.0,0.0,0.0,0.0,0.0,0.0,0.0,0.0,0.0,0.0,0.0,0.0,0.0,0.0,0.0,0.0,
logarithm_glszm_GrayLevelNonUniformityNormalized,0.0,0.0,0.0,0.0,0.0,0.0,0.0,0.0,0.0,0.0,0.0,0.021798711,0.0,0.0,0.0,0.0014532473999999999,0.005628402978119228,3.16789200841014e-05,3.872983346207417
logarithm_glszm_GrayLevelVariance,0.0,0.0,0.0,0.0,0.0,0.0,0.0,0.0,0.0,0.0,0.0,0.0,0.0,0.0,0.0,0.0,0.0,0.0,
logarithm_glszm_GrayLevelVariance_lag_1,0.0,0.0,0.07447784,0.0,0.0,0.0,0.00022119601,0.0,0.0,0.0,0.0036483437,0.0040216884,0.006279999,0.03332267,0.0018695077,0.008256082987333333,0.020190825632456548,0.00040766943972026437,2.4455696076981983
logarithm_glszm_HighGrayLevelZoneEmphasis,0.0,0.0,0.0,0.0,0.00023474738,0.0,0.0,0.0,0.0,0.0,0.0,0.00021768408,0.0,0.0,0.0,3.0162097333333332e-05,7.966286523716623e-05,6.346172097794907e-09,2.6411580188466415
logarithm_glszm_HighGrayLevelZoneEmphasis_lag_1,0.0,0.0,0.0,0.0,0.0,0.0,0.0,0.0,0.0,0.071712226,0.0,0.0,0.0,0.0,0.0,0.004780815066666667,0.018516017134497503,0.00034284289052500513,3.872983346207417
logarithm_glszm_LargeAreaHighGrayLevelEmphasis,0.0,0.0,0.0,0.0,0.0,0.0,0.0,0.0,0.0,0.0,0.0,0.0,0.0,0.0,0.0,0.0,0.0,0.0,
logarithm_glszm_LargeAreaLowGrayLevelEmphasis,0.0,0.0,0.0,0.0,0.0,0.0,0.0,0.0,0.0,0.0,0.0,0.0,0.0,0.0,0.0,0.0,0.0,0.0,
logarithm_glszm_SizeZoneNonUniformity,0.0,0.0,0.0,0.0,0.0,0.0,0.0,0.0,0.0,0.0,0.0,0.0,0.00056203024,0.0,0.0,3.7468682666666666e-05,0.0001451155839723305,2.1058532711630505e-08,3.872983346207417
logarithm_glszm_SizeZoneNonUniformityNormalized,0.0,0.0,0.0,0.0,0.0,0.0,0.0,0.0,0.0,0.0,0.0,0.0,0.0,0.0,0.0,0.0,0.0,0.0,
logarithm_glszm_SmallAreaHighGrayLevelEmphasis,0.0,0.0,0.0,0.0,0.0,0.0,0.0,0.0,0.0,0.0,0.0,0.0,0.0,0.0,0.0,0.0,0.0,0.0,
logarithm_glszm_SmallAreaHighGrayLevelEmphasis_lag_1,0.0,0.0,0.0,0.0,0.0,0.0,0.0,0.0,0.0,0.0,0.0,0.0,0.0,0.0,0.0,0.0,0.0,0.0,
logarithm_ngtdm_Busyness,0.0,0.0,0.0,0.0,0.0,0.0,0.0,0.0,0.0,0.0,0.0,0.0,0.0,0.0,0.0,0.0,0.0,0.0,
logarithm_ngtdm_Complexity,0.0,0.0,0.0,0.0,0.0,0.0,0.017472766,0.0,0.0,0.0,0.0,0.0,0.0,0.0,0.0,0.0011648510666666667,0.004511448782011946,2.035317011271707e-05,3.872983346207417
original_firstorder_10Percentile,0.06725963,0.0,0.019428575,0.0007712484,0.0,0.0015838455,0.0,0.0,0.06880499,0.0,0.0,0.0070442907,0.0,0.0,0.0,0.01099283864,0.02371789846270405,0.0005625387074871391,2.1575772409140037
original_firstorder_10Percentile_lag_1,0.0,0.0,0.0,0.0,0.0,0.0,0.0,0.004190025,0.0,0.0,0.0,0.0005050913,0.0,0.0,0.0,0.0003130077533333333,0.0010804039891652625,1.1672727798042125e-06,3.451684431646334
original_firstorder_90Percentile,0.0,0.0,0.0,0.0,0.0,0.0,0.0,0.0,0.0,0.0,0.0093069775,0.0,0.0014880894,0.0,0.0,0.0007196711266666667,0.002406321173931182,5.7903815921095415e-06,3.3436400110653994
original_firstorder_90Percentile_lag_1,0.0,0.0,0.0,0.0,0.0,0.0,0.0,0.0,0.0,0.0,0.0,0.00034960627,0.0,0.0,0.0,2.3307084666666665e-05,9.026795076264623e-05,8.148302934887525e-09,3.8729833462074166
original_firstorder_Entropy,0.0,0.0,0.0,0.0,0.0,0.0067040385,0.00898241,0.0,0.006206011,0.0,0.0,0.016056744,0.0,0.0,2.870484e-05,0.002531860556,0.0048241022693616955,2.327196270526066e-05,1.9053585940700977
original_firstorder_Kurtosis,0.0,0.012272852,0.0,0.000888312,0.0,0.0,0.0,0.0,0.0016967218,0.0,0.008209529,0.006937719,0.0,0.0053939484,0.0043031913,0.0026468182333333336,0.0038945621789170594,1.5167614565451193e-05,1.4714127815314124
original_firstorder_Maximum,0.0,0.0,0.0,0.0,0.0,0.0,0.0,0.0,0.0,0.0,0.0,0.0,0.0,0.0,0.0,0.0,0.0,0.0,
original_firstorder_Maximum_lag_1,0.0,0.0,0.0,0.0,0.0,0.0,0.0,0.0,0.0,0.0,0.0,0.0,0.0,0.0,0.0,0.0,0.0,0.0,
original_firstorder_Mean,0.0,0.0,0.0,0.0,0.0,0.0,0.0,0.0,0.0,0.0,0.0,0.0,0.0,0.0,0.0,0.0,0.0,0.0,
original_firstorder_Minimum,0.0,0.0,0.0,0.0,0.0,0.0,0.0,0.0,0.0,0.0,0.0,0.0,0.0,0.0045249267,0.0,0.00030166178,0.0011683310501272855,1.3649974426915256e-06,3.872983346207416
original_firstorder_Range,0.0,0.0,0.015456233,0.09895558,0.03978042,0.0,0.0013720314,0.043849993,0.027283812,0.0,0.0038249814,0.004600906,0.0016224644,0.0008294141,0.0026691894,0.01601633498,0.027361460692219598,0.0007486495312118782,1.7083471797003833
original_glcm_Autocorrelation,0.0,0.0,0.0,0.0,0.0,0.0,0.0,0.0,0.0,0.0,0.0,6.351736e-05,0.0,0.0,0.0,4.234490666666667e-06,1.6400111831670744e-05,2.689636680913067e-10,3.8729833462074166
original_glcm_ClusterShade,0.0,0.0,0.0,0.0006619148,0.0,0.0,0.013396969,0.0,0.0,0.0,0.0,0.0,0.0,0.0,0.0,0.00093725892,0.0034510877720202384,1.1910006810187613e-05,3.682107151373111
original_gldm_DependenceEntropy,0.0,0.0,0.0,0.0,0.0,0.0,0.0,0.0,0.0,0.0,0.0,0.011077928,0.0,0.00064690656,0.0,0.0007816556373333334,0.0028532461943739295,8.141013845709312e-06,3.650259856255826
original_gldm_DependenceNonUniformityNormalized,0.0,0.0,0.0,0.0,0.0,0.0,0.0,0.0,0.0,0.0,0.0,0.0,0.00014951956,0.0,0.0,9.967970666666666e-06,3.860578438748404e-05,1.4904065881729066e-09,3.872983346207417
original_gldm_DependenceNonUniformityNormalized_lag_1,0.0,0.0,0.0,0.0,0.0,0.0,0.0,0.0,0.0,0.0,0.0,0.0,0.0,0.0,0.0,0.0,0.0,0.0,
original_glrlm_LongRunHighGrayLevelEmphasis,0.0,0.0,0.0,0.0,0.0,0.0,0.0,0.0,0.0,0.0,0.0,0.0,0.0,0.0,0.0,0.0,0.0,0.0,
original_glrlm_LongRunHighGrayLevelEmphasis_lag_1,0.0,0.0,0.0,0.0,0.0,0.0,0.0,0.0,0.0,0.0,0.0,0.0,0.0,0.0,0.0,0.0,0.0,0.0,
original_glrlm_LongRunLowGrayLevelEmphasis,0.0,0.0,0.0,0.011578838,0.0,0.0,0.0,0.0,0.0,0.0016020024,0.0,0.0,0.00020543882,0.00020493192,0.00015158643,0.0009161865046666667,0.0029779201286445336,8.868008292586275e-06,3.250342712402188
original_glrlm_RunEntropy,0.0,0.0,0.0,0.0,0.0,0.0021430445,0.0,0.0,0.0,0.0,0.0,0.0,0.0,0.0,0.0,0.00014286963333333332,0.0005533317105787601,3.0617598193201675e-07,3.872983346207418
original_glrlm_RunEntropy_lag_1,0.0,0.0,0.0,0.0,0.0,0.0,0.0,0.002403785,0.0,0.0,0.0,0.0,0.0,0.0,0.0007986619,0.00021349645999999998,0.0006398845922870242,4.0945229144633115e-07,2.997167223695532
original_glszm_GrayLevelNonUniformity,0.0,0.0,0.0079533635,0.0,0.0,0.0,0.0,0.0,0.0,1.3283348e-05,0.0,0.00016512518,0.0,0.0,0.0,0.0005421181351999999,0.002050697662605957,4.2053609034175345e-06,3.7827505288112286
original_glszm_GrayLevelVariance,0.0,0.0,0.0,0.0,0.0,0.0,0.0,0.0,0.0,0.042562358,0.0,1.9207038e-05,0.0,0.0,0.0,0.0028387710025333333,0.010989200462785892,0.00012076252681129366,3.8711119893006782
original_glszm_LargeAreaLowGrayLevelEmphasis,0.0,0.0,0.0,0.0,0.0,0.0,0.0,0.0,0.0,0.00084416295,0.0,0.0,0.0,0.0,0.0,5.627753e-05,0.00021796193645568827,4.7507405743513494e-08,3.8729833462074166
original_glszm_SizeZoneNonUniformity,0.0,0.0,0.0,0.0,0.0006752893,0.0,0.0014537674,0.0,0.0,0.0,0.0,0.0,0.0,0.0,0.0,0.00014193711333333333,0.0004024268460474931,1.619473664197327e-07,2.8352475021977557
original_glszm_SizeZoneNonUniformity_lag_1,0.0,0.0,0.0,0.0,0.0,0.0,0.0,0.0,0.0,0.0,0.0,0.0,0.0,0.0,0.0,0.0,0.0,0.0,
original_glszm_ZoneEntropy,0.0,0.0,0.0,0.0,0.0,0.0,0.0,0.0,0.0,0.0,0.0,0.0,0.0,0.0,0.0,0.0,0.0,0.0,
original_ngtdm_Busyness,0.0,0.0,0.0,0.0,0.0,0.011515852,0.0,0.0,0.0,0.0,0.0,0.0,0.0,0.0,0.000958995,0.0008316564666666667,0.002965994551551948,8.79712367983584e-06,3.5663698539372235
original_ngtdm_Busyness_lag_1,0.0,0.0,0.0,0.0,0.0,0.0,0.0,0.0,0.002574367,0.0,0.0,0.0,0.0,0.0,0.0,0.00017162446666666668,0.0006646987012017301,4.418243633792668e-07,3.8729833462074175
original_ngtdm_Coarseness,0.0,0.0,0.0,0.0,0.0,0.0,0.0074179387,0.0,0.050448973,0.0,0.0,0.0,0.0,0.0,0.0,0.0038577941133333335,0.013029872436604629,0.00016977757571418905,3.3775447973158284
original_ngtdm_Coarseness_lag_1,0.0,0.0,0.0074304733,0.007861778,0.0,0.0,0.0,0.0,0.0,0.0,0.0051131044,0.0,0.0,0.0,0.0,0.0013603570466666668,0.0028710967786390504,8.243196712311532e-06,2.110546481656566
original_shape2D_Elongation,0.0,0.025737865,0.024833472,0.0050071226,0.0092788255,0.011077489,0.00527525,0.03866986,0.092356816,0.04617639,0.07385508,0.072503194,0.033149663,0.013268486,0.040881895,0.03280476054,0.028301347703377732,0.000800966281827484,0.8627207526440835
original_shape2D_Elongation_lag_1,0.0,0.0,0.0,0.0,0.0011378815,0.002708929,0.013183245,0.0,0.0077855624,0.009353139,0.004462667,0.0029766895,0.002935217,0.0020200089,0.0047786217,0.0034227973999999997,0.003956019979169179,1.5650094075585708e-05,1.1557856095044303
original_shape2D_MajorAxisLength,0.0,0.005205358,0.00032866938,0.0,0.0,0.0,0.0045516607,0.0,0.0,0.0,0.053042598,0.00027962914,0.0,0.0,0.0,0.004227194348,0.013610603022241081,0.00018524851462903806,3.219772241766132
original_shape2D_MajorAxisLength_lag_1,0.0,0.0,0.0,0.0,0.0,0.0,0.0,0.0,0.0,0.0,0.0,0.00092284114,0.00023666158,0.00016421388,0.0,8.824777333333333e-05,0.00024168982912504077,5.841397350249141e-08,2.738764050307756
rolling_mean_3_day_of_study,0.0,0.018350016,0.0,0.0,0.0,0.0,0.0,0.0,0.0,0.002525525,0.0068615205,0.023850095,0.0073777926,0.0017450374,0.0,0.0040473324333333335,0.007419916925767917,5.505516718529721e-05,1.8332857624094308
rolling_mean_3_exponential_firstorder_Entropy,0.007586043,0.0013628639,0.0020337931,0.0,0.0029701355,0.0,0.0,0.008294258,0.0,0.0,0.025043681,0.0046810037,0.0,0.0,0.0025373623,0.0036339426999999996,0.006538954969738178,4.275793209626362e-05,1.799410587772388
rolling_mean_3_exponential_gldm_DependenceEntropy,0.0,0.0,0.0,0.0,0.0,0.0,0.0,0.0,0.0,0.0,0.0,0.0048916806,0.0031543938,0.0020749948,0.0023245567,0.0008297083933333333,0.0015413738384941814,2.375833309994287e-06,1.8577295961798692
rolling_mean_3_exponential_glrlm_GrayLevelNonUniformityNormalized,0.1773188,0.0,0.0,0.0,0.0,0.0061081103,0.006200578,0.0031775094,0.0,0.0,0.0,0.0016874576,0.0,0.014327413,0.009711301,0.014568744619999999,0.04523471835476866,0.0020461797446352445,3.104915319379705
rolling_mean_3_exponential_glrlm_ShortRunHighGrayLevelEmphasis,0.0,0.0,0.0,0.0,0.0,0.0,0.0,0.0,0.0,0.0,0.0,0.0,0.0,0.0,0.0,0.0,0.0,0.0,
rolling_mean_3_log-sigma-1-0-mm-3D_firstorder_Skewness,0.0,0.0,0.0,0.0,0.001466862,0.0,0.00023376157,0.009897918,0.00144539,0.0,0.0009432603,0.005976203,0.0050497623,0.0,0.040021762,0.004335661278000001,0.010296119782243067,0.00010601008257029702,2.3747518825992255
rolling_mean_3_log-sigma-1-0-mm-3D_gldm_DependenceEntropy,0.0,0.0,0.010949779,0.0,0.0,0.007950918,0.0,0.0,0.0,0.0,0.0023862491,0.0,0.00021176042,0.00027381044,0.00024264403,0.0014676773993333335,0.0033453216638947994,1.1191177034923869e-05,2.279330366069787
rolling_mean_3_log-sigma-1-0-mm-3D_glrlm_HighGrayLevelRunEmphasis,0.0,0.0,0.0,0.0,0.0,0.0,0.0,0.0012305488,0.0,0.0010372583,0.0,0.000949506,0.0,0.0,0.0,0.00021448754,0.00044734480165172977,2.0011737156482546e-07,2.0856447029591076
rolling_mean_3_log-sigma-1-0-mm-3D_ngtdm_Busyness,0.0,0.0,0.0,0.16964114,0.0,0.0,0.0,0.003527784,0.0,0.0,0.0,0.0,0.0,0.0,0.0,0.011544594933333334,0.04374552757370834,0.0019136711827020764,3.789264831406038
rolling_mean_3_log-sigma-2-0-mm-3D_glcm_JointEntropy,0.0,0.0036162427,0.0,0.0,0.0,0.0,0.0,0.016977157,0.0,0.0,0.01591638,0.0075649167,0.015345298,0.017661108,0.010825171,0.005860418226666666,0.007374036958208253,5.437642106102122e-05,1.2582782786140017
rolling_mean_3_log-sigma-2-0-mm-3D_gldm_DependenceEntropy,0.0,0.0,0.0,0.0041972236,0.0,0.0,0.0,0.011539455,0.0,0.0,0.0,0.0,0.0,0.0,0.0,0.0010491119066666668,0.0030968436783599925,9.590440768198249e-06,2.9518716341706237
rolling_mean_3_log-sigma-2-0-mm-3D_glrlm_HighGrayLevelRunEmphasis,0.0,0.0,0.0,0.048440967,0.0,0.01984279,0.013694072,0.034062613,0.035091452,0.07807345,0.046435073,0.061859947,0.03076422,0.046491154,0.040755782,0.03036743466666667,0.024398444816238797,0.0005952841094510499,0.803441090235395
rolling_mean_3_log-sigma-2-0-mm-3D_glszm_SizeZoneNonUniformity,0.0,0.014933759,0.0,0.0019063653,0.020872777,0.048324313,0.0011825658,0.009197415,0.0024177276,0.0007580929,0.00033662582,0.00038079568,0.0002507522,0.0014707656,0.00020849794,0.006816030189333333,0.013081143074665557,0.00017111630413987064,1.9191732887475674
rolling_mean_3_log-sigma-2-0-mm-3D_glszm_ZoneEntropy,0.0,0.0,0.013832404,0.025677983,0.0,0.0,0.0,0.0,0.0,0.034859356,0.0,0.022932652,0.093435965,0.09373049,0.058608465,0.022871821,0.03348305433114347,0.0011211149273423057,1.4639435282019508
rolling_mean_3_log-sigma-3-0-mm-3D_firstorder_Kurtosis,0.0,0.0,0.0054546143,0.002880869,0.0006864026,0.002236419,0.0,0.0,0.0,0.0021002952,0.007882056,0.0,0.0009459966,0.0010486748,0.007824568,0.0020706597,0.002789866963494618,7.783357673998681e-06,1.3473324291261466
rolling_mean_3_log-sigma-3-0-mm-3D_firstorder_Range,0.0,0.0,0.0,0.0,0.0044753747,0.013184901,0.0,0.0032187256,0.0,0.0,0.0,0.0,0.00077936996,0.0,0.0,0.0014438914173333334,0.0035210171900026065,1.2397562052293851e-05,2.438560924827322
rolling_mean_3_log-sigma-3-0-mm-3D_gldm_LargeDependenceLowGrayLevelEmphasis,0.0,0.09934251,0.087905705,0.0,0.0,0.016461704,0.031510144,0.0697721,0.028118547,0.0016956235,0.0035130705,0.0026393016,0.0015542546,0.00070863735,0.0012824708,0.022966937889999997,0.03446899698406184,0.0011881117530872644,1.5008094308936997
rolling_mean_3_log-sigma-3-0-mm-3D_glszm_GrayLevelNonUniformityNormalized,0.0,0.010434237,0.00826972,0.014481118,0.011366105,0.012390995,0.016029987,0.038934603,0.02423731,0.024470534,0.031794153,0.013178604,0.022962762,0.067026146,0.021844052,0.021161355066666665,0.016020661463034852,0.00025666159371317003,0.7570716247878934
rolling_mean_3_logarithm_glcm_Autocorrelation,0.0,0.0,0.032435156,0.0,0.0012959978,0.0,0.0,0.00026411837,0.0,0.0010396452,0.0,0.0012393879,0.0017070795,0.0008405848,0.00083751744,0.002643965800666667,0.008262952902759286,6.827639067321811e-05,3.1252117181984014
rolling_mean_3_logarithm_glszm_GrayLevelVariance,0.01957101,0.048118223,0.0034230663,0.043852996,0.06784978,0.0,0.019829432,0.0073830225,0.015584969,0.008867289,0.023091834,0.0,0.0089118965,0.0007776038,0.0028028453,0.01800426449333333,0.020292206066795826,0.0004117736270573053,1.127077758400499
rolling_mean_3_logarithm_glszm_HighGrayLevelZoneEmphasis,0.0,0.0,0.0,0.008512331,0.0010219207,0.0,0.004048503,0.003866033,0.0054900153,0.026036289,0.034939826,0.02898741,0.1057307,0.07446001,0.09044312,0.0255690772,0.03582746055263036,0.0012836069296502843,1.4012027212554374
rolling_mean_3_logarithm_glszm_SmallAreaHighGrayLevelEmphasis,0.0,0.0,0.0,0.0,0.0,0.0,0.0,0.0,0.0,0.0,0.0,0.0,0.002792044,0.0051247017,0.0036295075,0.0007697502133333333,0.0016549421880402103,2.7388336457553187e-06,2.1499730164070154
rolling_mean_3_original_firstorder_10Percentile,0.0,0.0,0.0,0.0,0.0,0.0,0.0,0.0,0.0,0.0,0.0,0.0,0.0,0.0,0.0,0.0,0.0,0.0,
rolling_mean_3_original_firstorder_90Percentile,0.0,0.004703388,0.0,0.00056280877,0.0011211489,0.001332238,0.0003274679,0.00055806915,0.0003146734,0.0057191504,0.00045813783,0.00058525853,0.005930266,0.00028938235,0.000224657,0.0014751097486666667,0.00210292782949473,4.422305456063416e-06,1.425607709118281
rolling_mean_3_original_firstorder_Maximum,0.0,0.0,0.00077464816,0.006467215,0.0,0.0,0.0,0.0024157346,0.00089022337,0.0,0.0,0.0,0.0,0.0,0.0,0.0007031880753333334,0.0017245313834443493,2.9740084924844814e-06,2.452446854459053
rolling_mean_3_original_gldm_DependenceNonUniformityNormalized,0.0,0.0,0.0,0.0,0.0,0.0,0.0,0.0,0.0,0.0,0.0,0.0,0.0,0.0,0.0,0.0,0.0,0.0,
rolling_mean_3_original_glrlm_LongRunHighGrayLevelEmphasis,0.0,0.0,0.0,0.0,0.0,0.0,0.0,0.0,0.0,0.0,0.0,0.0,0.0,0.0,0.0,0.0,0.0,0.0,
rolling_mean_3_original_glrlm_RunEntropy,0.14378555,0.02388954,0.019932274,0.0,0.087843284,0.039759047,0.02631099,0.040328804,0.03135449,0.05154111,0.060091186,0.040095087,0.014554692,0.0,0.013932766,0.03956125466666667,0.03688391026620621,0.0013604228365255518,0.9323240776103008
rolling_mean_3_original_glszm_SizeZoneNonUniformity,0.0,0.0024055107,0.0036474012,0.002438812,0.000999874,0.00077822735,0.0005664575,0.0010549369,0.00069527375,0.000451295,0.00045809356,0.0003941121,0.0003869062,0.00036199595,0.00040872922,0.0010031750286666667,0.0010170550904978724,1.0344010571076356e-06,1.0138361317163704
rolling_mean_3_original_ngtdm_Busyness,0.0,0.07106915,0.0,0.08382367,0.05829445,0.13138162,0.008458035,0.03824954,0.0,0.0,0.0,0.0,0.0,0.0,0.0,0.026085097666666668,0.04145969262057689,0.0017189061121927177,1.589401471689981
rolling_mean_3_original_ngtdm_Coarseness,0.0,0.0,0.0,0.0,0.053663433,0.0,0.0,0.0,0.0,0.0,0.0021724084,0.0,0.0050700717,0.006197835,0.0,0.004473583206666667,0.01375398120215093,0.00018917199890912113,3.0744887412967614
rolling_mean_3_original_shape2D_Elongation,0.0,0.017336966,0.0061083334,0.02878762,0.08033416,0.078068495,0.050097156,0.050125916,0.028895386,0.049914144,0.042485613,0.030677263,0.06263462,0.083048396,0.05953556,0.04453664189333333,0.025941724911778444,0.0006729730913983864,0.5824804881766725
rolling_mean_3_original_shape2D_MajorAxisLength,0.0,0.0,0.0,0.0,0.0,0.0,0.0,0.0,0.0,0.0,0.00012267413,0.0,0.0,0.0,0.0,8.178275333333332e-06,3.167432416669891e-05,1.0032628114171267e-09,3.8729833462074175
rolling_mean_3_square_gldm_DependenceNonUniformityNormalized,0.0,0.0037448346,0.0,0.0023193916,0.0,0.0020323477,0.0,0.0,0.0,0.0,0.0,0.007030272,0.0,0.0,0.0,0.0010084563933333334,0.0020301963431501586,4.121697191740277e-06,2.0131721674544445
rolling_mean_3_square_glrlm_ShortRunHighGrayLevelEmphasis,0.0,0.0,0.0,0.0,0.0,0.012786655,0.07979157,0.0,0.0,0.0,0.0,0.0,4.936584e-05,0.0,0.0,0.0061751727226666666,0.020629736259339313,0.0004255860181298992,3.340754532033662
rolling_mean_3_square_glszm_GrayLevelNonUniformityNormalized,0.0,0.0,0.0,0.0,0.0,0.0,0.0036112813,0.0,0.0,0.0,0.0,0.0,0.0,0.0,0.0,0.00024075208666666668,0.0009324288222246847,8.694235085153127e-07,3.8729833462074166
rolling_mean_3_square_glszm_HighGrayLevelZoneEmphasis,0.0,0.0,0.0,0.01583618,0.0,0.0,0.0009764288,0.0,0.0,0.0,0.0,0.0,0.0,0.0,0.0,0.0011208405866666668,0.004078635590165279,1.6635268277362875e-05,3.6389078328212325
rolling_mean_3_square_glszm_LargeAreaHighGrayLevelEmphasis,0.0,0.0,0.0,0.0,0.0,0.0,0.0,0.0,0.0,0.0,0.0,0.0,0.0,0.0,0.0,0.0,0.0,0.0,
rolling_mean_3_squareroot_firstorder_Entropy,0.0,0.0,0.0,0.0022514574,0.0,0.0,0.0,0.0,0.0,0.0,0.0,0.0,0.0,0.0,0.020831024,0.0015388320933333334,0.005368429925702546,2.8820039867178642e-05,3.4886391757490243
rolling_mean_3_squareroot_firstorder_Mean,0.0,0.0032546557,0.0,0.0,0.0,0.0,0.0,0.0,0.0,0.0,0.0,0.0,0.0,0.0,0.0,0.00021697704666666669,0.0008403484882492694,7.061855817028326e-07,3.872983346207416
rolling_mean_3_squareroot_glcm_Autocorrelation,0.01213737,0.0,0.0,0.0,0.0,0.0,0.0,0.0,0.0,0.0,0.0,0.0,0.0011819084,0.0,0.0,0.0008879518933333334,0.003126908326009858,9.77755567926977e-06,3.5214839334049706
rolling_mean_3_squareroot_glcm_ClusterShade,0.0,0.0,0.0,0.0,0.0,0.0,0.0,0.0019881409,0.0026751095,0.0,0.0032117623,0.0,0.0,0.0060529667,0.0,0.00092853196,0.001795433970762095,3.2235831433665432e-06,1.9336264642544938
rolling_mean_3_squareroot_glszm_SizeZoneNonUniformityNormalized,0.0,0.0,0.0,0.0043309955,0.0129753845,0.0029358012,0.0059686215,0.0032111942,0.0018474879,0.0,0.0034760255,0.0,0.0,0.0,0.0,0.0023163673533333332,0.0035525228813340468,1.2620418822401957e-05,1.533661263280128
rolling_mean_3_wavelet-HH_gldm_DependenceEntropy,0.0,0.0,0.002905969,0.0064964583,0.004874448,0.0033221762,0.0028053944,0.0016682297,0.003579913,0.0018449718,0.0010145298,0.00086874753,0.0024669352,0.008718347,0.0026424194,0.0028805692886666664,0.0023711837903364064,5.622512567554127e-06,0.8231649902210684
rolling_mean_3_wavelet-HL_gldm_LargeDependenceHighGrayLevelEmphasis,0.0,0.0,0.0,0.0,0.0,0.0,0.0,0.0,0.0,0.0,0.0,0.0,0.0,0.0,0.0,0.0,0.0,0.0,
rolling_mean_3_wavelet-LH_firstorder_Skewness,0.0,0.0073603513,0.037202258,0.0,0.0,0.01829272,0.009679352,0.03942293,0.016721582,0.0915503,0.10793239,0.07484199,0.036816884,0.018183455,0.034220595,0.032814987153333336,0.033845527275386596,0.001145519716548938,1.0314045566203605
rolling_mean_3_wavelet-LL_gldm_DependenceNonUniformityNormalized,0.0,0.0,0.0,0.0,0.0,0.0030002254,0.0,0.0,0.0,0.0,0.009538309,0.0,0.0033301127,0.002641004,0.004463842,0.0015315662066666667,0.002709582248678061,7.341835962351258e-06,1.7691577660068993
rolling_mean_3_wavelet-LL_glrlm_LongRunHighGrayLevelEmphasis,0.0,0.0,0.0,0.0,0.0025633143,0.007999275,0.0024765064,0.003126983,0.0021173763,0.0029060603,0.0,0.008257827,0.0013125153,0.0014286287,0.002189172,0.0022918438866666667,0.002637073423739677,6.954156242194101e-06,1.1506339672965784
rolling_mean_3_wavelet-LL_glrlm_LongRunLowGrayLevelEmphasis,0.0,0.0,0.0,0.0,0.0,0.0,0.080189325,0.0,0.0,0.0,0.0,0.0,0.0,0.021945763,0.0013469134,0.006898800093333334,0.0210439283615391,0.00044284692088558973,3.0503751488429027
rolling_mean_3_wavelet-LL_glrlm_RunEntropy,0.0,0.0,0.0,0.0,0.010296895,0.009249116,0.0,0.0,0.045238413,0.0,0.0,0.0,0.083252266,0.021534298,0.031757053,0.013421869400000001,0.0238133571927509,0.000567075980789541,1.7742206009507808
slope_3_day_of_study,0.0,0.0017855576,0.029502083,0.013625191,0.0017579998,0.0038702528,0.0042015756,0.0022718087,0.011243825,0.0066288267,0.009318683,0.008733031,0.011268087,0.0046007154,0.015564142,0.008291451906666667,0.0075247952462065126,5.662254349733213e-05,0.9075365003511953
slope_3_exponential_firstorder_Entropy,0.0,0.0,0.0,0.0,0.0,0.0,0.0,0.0,0.0,0.0,0.0,0.0,0.0,0.0,0.0,0.0,0.0,0.0,
slope_3_exponential_gldm_DependenceEntropy,0.0,0.0,0.0,0.0,0.0,0.0,0.0,0.0,0.0,0.0,0.0,0.0017883888,0.0,0.0,0.0,0.00011922592,0.00046176000259625776,2.1322229999769597e-07,3.872983346207417
slope_3_exponential_glrlm_GrayLevelNonUniformityNormalized,0.0,0.0,0.0,0.0,0.0,0.0,0.0,0.0,0.0,0.0,0.0,0.0,0.0055532376,0.0,0.0,0.00037021584,0.0014338397828221898,2.0558965228035844e-06,3.872983346207417
slope_3_exponential_glrlm_ShortRunHighGrayLevelEmphasis,0.0,0.0,0.0,0.0,0.0,0.0007390448,0.00037799266,0.016388558,0.0003181814,0.0005759552,0.010999126,0.002337601,0.0006479548,0.0,0.010864109,0.0028832348573333334,0.005277344266702506,2.7850362509297814e-05,1.8303553223490971
slope_3_log-sigma-1-0-mm-3D_firstorder_Skewness,0.0,0.0,0.031477366,0.0,0.0,0.0,0.0,0.0,0.0,0.0,0.0,0.0,0.0,0.0,0.0,0.0020984910666666666,0.008127420953365038,6.605497135319706e-05,3.8729833462074166
slope_3_log-sigma-1-0-mm-3D_gldm_DependenceEntropy,0.080185086,0.0,0.0,0.0,0.0,0.0,0.0,0.0,0.0021503046,0.0,0.0,0.0,0.0,0.0,0.010787455,0.006208189706666667,0.020654499199530652,0.00042660833718341235,3.3269761678433905
slope_3_log-sigma-1-0-mm-3D_glrlm_HighGrayLevelRunEmphasis,0.0,0.0,0.0,0.0,0.0,0.0,0.0,0.0,0.0026742504,0.0,0.0,0.0,0.0,0.0,0.0,0.00017828336,0.0006904884841859015,4.7677434679334397e-07,3.8729833462074166
slope_3_log-sigma-1-0-mm-3D_ngtdm_Busyness,0.0,0.0,0.0,0.0,0.0,0.0,0.0,0.0,0.017465578,0.0013263527,0.0076353857,0.0025728971,0.0054053273,0.0044962484,0.0016528539,0.002703642873333333,0.004737728567764118,2.244607198180824e-05,1.7523499921137704
slope_3_log-sigma-2-0-mm-3D_glcm_JointEntropy,0.0,0.0,0.0,0.0,0.0,0.0,0.0,0.0,0.0,0.0,0.0,0.0,0.0,0.00063617324,0.0,4.241154933333333e-05,0.00016425922425485426,2.6981092752806502e-08,3.872983346207417
slope_3_log-sigma-2-0-mm-3D_gldm_DependenceEntropy,0.0,0.0,0.0,0.0,0.0,0.0,0.0,0.0010628139,0.002006216,0.00061560696,0.0,0.0,0.0,0.0017386806,0.0,0.00036155449733333336,0.0006863793913706399,4.7111666889833004e-07,1.8984119861129423
slope_3_log-sigma-2-0-mm-3D_glrlm_HighGrayLevelRunEmphasis,0.0,0.0,0.0,0.05168307,0.026720429,0.004414755,0.0,0.0,0.001299678,0.07189888,0.0035115548,0.020445045,0.025730766,0.0017171673,0.0,0.013828089673333332,0.022043560972504293,0.00048591858034851437,1.5941146964800221
slope_3_log-sigma-2-0-mm-3D_glszm_SizeZoneNonUniformity,0.0,0.0,0.0,0.0,0.0,0.0,0.0,0.0,0.0,0.0,0.0,0.0,0.0,0.0,0.0,0.0,0.0,0.0,
slope_3_log-sigma-2-0-mm-3D_glszm_ZoneEntropy,0.0,0.0,0.0,0.0,0.0,0.0,0.0,0.0,0.0,0.0,0.0,0.0,0.0,0.0,0.0,0.0,0.0,0.0,
slope_3_log-sigma-3-0-mm-3D_firstorder_Kurtosis,0.0,0.0,0.0,0.0,0.0,0.0,0.0075880983,0.0,0.0,0.0,0.0,0.0,0.0,0.0,0.0,0.00050587322,0.001959238556352321,3.838615720697526e-06,3.872983346207417
slope_3_log-sigma-3-0-mm-3D_firstorder_Range,0.0,0.0,0.0,0.0,0.0,0.0,0.0,0.0,0.0,0.0,0.0,0.0,0.0,0.0,0.0,0.0,0.0,0.0,
slope_3_log-sigma-3-0-mm-3D_gldm_LargeDependenceLowGrayLevelEmphasis,0.0,0.0,0.0,0.0,0.0,0.0,0.0,0.0,0.0,0.0,0.0,0.0,0.0,0.0010086666,0.0,6.724444e-05,0.00026043659624504386,6.782722066370399e-08,3.8729833462074166
slope_3_log-sigma-3-0-mm-3D_glszm_GrayLevelNonUniformityNormalized,0.0,0.0,0.039061274,0.0047596935,0.0,0.00485651,0.0060551916,0.0,0.0,0.0,0.0,0.0,0.0,0.0,0.0,0.0036488446066666666,0.010032012470642676,0.00010064127421113016,2.7493668687105948
slope_3_logarithm_glcm_Autocorrelation,0.0,0.0,0.0,0.0,0.0,0.0,0.0,0.0,0.0,0.0009976069,0.0,0.0,0.0,0.0,0.0,6.650712666666666e-05,0.0002575809939841072,6.634796846184066e-08,3.872983346207417
slope_3_logarithm_glszm_GrayLevelVariance,0.0,0.0,0.0,0.0,0.0,0.0,0.0,0.0,0.0,0.0,0.0,0.00051411666,0.00042836336,0.00047851153,0.00039795839,0.00012126332933333333,0.00020952042982202938,4.389881051280794e-08,1.7278136018028296
slope_3_logarithm_glszm_HighGrayLevelZoneEmphasis,0.0,0.0,0.0,0.0,0.0,0.0,0.0,0.0,0.0,0.0006258238,0.0010329229,0.0,0.0005781363,0.0,0.0,0.00014912553333333334,0.0003228500710180759,1.0423216835637664e-07,2.1649550134142634
slope_3_logarithm_glszm_SmallAreaHighGrayLevelEmphasis,0.0,0.0,0.0,0.0,0.0,0.0,0.0,0.0,0.0,0.00053852284,0.0,0.0,0.0,0.0,0.0,3.590152266666667e-05,0.00013904599939148813,1.9333789946777716e-08,3.8729833462074175
slope_3_original_firstorder_10Percentile,0.0,0.0,0.0,0.0,0.0,0.0,0.00030390095,0.0,0.0,0.0,0.0,0.0,0.0,0.0,0.0010635493,9.116335e-05,0.0002801570420818926,7.848796822807534e-08,3.073132372624444
slope_3_original_firstorder_90Percentile,0.0,0.0,0.0,0.0,0.0013685756,0.0,0.0,0.0006553887,0.00041988373,0.0,0.001049917,0.037886046,0.0,0.013353105,0.0048942496,0.003975144375333333,0.010014868030318324,0.00010029758166469203,2.519372149716835
slope_3_original_firstorder_Maximum,0.0,0.0016127207,0.0,0.0,0.0,0.0,0.0,0.0,0.0,0.0,0.0,0.0,0.0,0.001864601,0.0,0.00023182144666666668,0.0006136243149395295,3.7653479988500696e-07,2.646969569738958
slope_3_original_gldm_DependenceNonUniformityNormalized,0.0,0.0,0.0,0.0,0.0,0.0,0.02427534,0.0,0.00038041448,0.0039064367,0.0015633717,0.00091862184,0.0,0.0,0.0013589321,0.0021602077880000002,0.006209637229356587,3.8559594520211356e-05,2.8745555237099194
slope_3_original_glrlm_LongRunHighGrayLevelEmphasis,0.0,0.0,0.0,0.0,0.0,0.0,0.0,0.0,0.0042092837,0.0,0.011562207,0.0062551987,0.008531124,0.0069192257,0.0025922633,0.0026712868266666667,0.0038809903109075566,1.5062085793358333e-05,1.4528542095011205
slope_3_original_glrlm_RunEntropy,0.0,0.0,0.0,0.0,0.09099636,0.0,0.0,0.0,0.0,0.0,0.0,0.0,0.0,0.0,0.0,0.006066424,0.023495159123032985,0.0005520225022166401,3.872983346207417
slope_3_original_glszm_SizeZoneNonUniformity,0.0,0.0,0.0,0.0,0.0,0.0,0.0,0.0,0.0,0.0,0.0,0.0,0.0,0.0,0.0,0.0,0.0,0.0,
slope_3_original_ngtdm_Busyness,0.0,0.0,0.0,0.0,0.0,0.0,0.0013563521,0.0018516119,0.0,0.0,0.0,0.0,0.0,0.0,0.0,0.00021386426666666666,0.0005720944464386325,3.272920556459253e-07,2.6750352237679373
slope_3_original_ngtdm_Coarseness,0.0,0.0,0.0,0.0,0.0,0.0,0.0,0.0,0.0011798426,0.0,0.0005918363,0.0,0.00079573883,0.0,0.0016948747,0.00028415282866666667,0.0005369860899005331,2.8835406074666343e-07,1.889779146032924
slope_3_original_shape2D_Elongation,0.0,0.0,0.0,0.0,0.0,0.0,0.0,0.002755827,0.0,0.048673037,0.0,0.0,0.0,0.0,0.0,0.003428590933333334,0.012536605192211172,0.0001571664697453761,3.6564890463683497
slope_3_original_shape2D_MajorAxisLength,0.0,0.03410937,0.0,0.0,0.0,0.0,0.0,0.00705276,0.0,0.0,0.002079843,0.0032002227,0.0,0.0,0.02093655,0.0044919163800000005,0.009868554504360806,9.738836800553996e-05,2.196958640703994
slope_3_square_gldm_DependenceNonUniformityNormalized,0.0,0.0,0.0,0.0,0.0,0.0,0.0,0.0,0.0014838156,0.0,0.0,0.0,0.0,0.0,0.0,9.892104e-05,0.00038311954050951775,1.4678058232022402e-07,3.872983346207417
slope_3_square_glrlm_ShortRunHighGrayLevelEmphasis,0.0,0.0,0.0,0.0,0.0,0.0,0.00032021475,0.0003768973,0.0,0.0,0.0,0.0,0.0,0.0,0.0,4.647413666666667e-05,0.000123111848153612,1.515652715579802e-08,2.649040024920212
slope_3_square_glszm_GrayLevelNonUniformityNormalized,0.0,0.0,0.0,0.0,0.0,0.0054698535,0.002620564,0.011298418,0.0021334882,0.007665989,0.0029399048,0.00058454135,0.0036060675,0.0017652581,0.000510535,0.00257297463,0.0033147109184868987,1.098730847313626e-05,1.2882796743654246
slope_3_square_glszm_HighGrayLevelZoneEmphasis,0.0,0.026035389,0.0,0.0014342162,0.0061495267,0.0,0.0011343684,0.012827665,0.0016330552,0.0006178602,0.0,0.0009478545,0.0,0.00033188888,0.0,0.003407454938666667,0.007138661727582873,5.09604912608565e-05,2.0950128045937486
slope_3_square_glszm_LargeAreaHighGrayLevelEmphasis,0.0,0.0,0.0,0.0,0.001575895,0.0,0.0013028295,0.0033215485,0.0021861873,0.00020096907,0.0,0.0,0.0,0.0,0.0,0.0005724952913333333,0.0010391285770072263,1.079788199553063e-06,1.8150866788565383
slope_3_squareroot_firstorder_Entropy,0.0,0.0,0.0,0.0,0.0,0.0,0.0,0.0,0.0,0.0,0.0,0.0,0.0,0.0,0.0,0.0,0.0,0.0,
slope_3_squareroot_firstorder_Mean,0.0,0.0,0.03161421,0.0,0.0,0.0,0.0,0.0,0.0,0.0,0.0,0.0,0.0,0.0,0.0,0.002107614,0.008162753922233599,6.663055159494e-05,3.872983346207417
slope_3_squareroot_glcm_Autocorrelation,0.0,0.0,0.0,0.0,0.0008753723,0.0,0.0,0.0,0.0,0.0,0.0,0.0,0.0,0.0,0.0,5.8358153333333334e-05,0.00022602015597541884,5.108511090715266e-08,3.8729833462074166
slope_3_squareroot_glcm_ClusterShade,0.0,0.0,0.0,0.0,0.0,0.0,0.0,0.0,0.0,0.0,0.0,0.0,0.0,0.0,0.0,0.0,0.0,0.0,
slope_3_squareroot_glszm_SizeZoneNonUniformityNormalized,0.0,0.0,0.0,0.0,0.064800076,0.0,0.01933299,0.0,0.0,0.022377564,0.007261864,0.0,0.0,0.0,0.014873015,0.008576367266666666,0.01741140807072318,0.00030315713100524433,2.0301612010478167
slope_3_wavelet-HH_gldm_DependenceEntropy,0.0,0.0,0.0,0.0,0.0,0.0,0.0,0.0,0.0,0.0,0.0066741174,0.0,0.0019239178,0.0017063672,0.0,0.00068696016,0.0017743867727424486,3.148448419283362e-06,2.5829544070538946
slope_3_wavelet-HL_gldm_LargeDependenceHighGrayLevelEmphasis,0.0,0.0,0.0,0.0,0.0,0.0,0.0,0.0,0.0,0.0,0.0,0.0,0.0,0.002182889,0.0,0.00014552593333333334,0.0005636195162412908,3.176669590880667e-07,3.872983346207417
slope_3_wavelet-LH_firstorder_Skewness,0.0,0.0,0.0,0.0,0.0,0.0,0.0,0.0,0.0,0.0,0.0,0.0,0.0031870161,0.0023999084,0.0,0.0003724616333333333,0.0009941154332754377,9.882654946764112e-07,2.6690411690960865
slope_3_wavelet-LL_gldm_DependenceNonUniformityNormalized,0.0,0.0,0.0,0.0,0.00491671,0.008165511,0.028514117,0.051280305,0.032723688,0.0023447059,0.012512927,0.010680932,0.010986879,0.026949815,0.012702487,0.013451871793333332,0.01505853247068302,0.00022675940017061484,1.119437703691611
slope_3_wavelet-LL_glrlm_LongRunHighGrayLevelEmphasis,0.0,0.0,0.0,0.0,0.017987732,0.0015544213,0.0,0.0,0.00420466,0.0072841705,0.0,0.0,0.0,0.0,0.007073647,0.00254030872,0.004999657057220284,2.4996570689812592e-05,1.9681297071720811
slope_3_wavelet-LL_glrlm_LongRunLowGrayLevelEmphasis,0.0,0.0,0.04358994,0.05080795,0.0,0.0,0.0,0.0,0.0,0.0,0.00077167014,0.0013415468,0.00020325354,0.000693947,0.0,0.006493887165333333,0.016587194268313423,0.0002751350136947697,2.5542781766923413
slope_3_wavelet-LL_glrlm_RunEntropy,0.0,0.0,0.0,0.0,0.0,0.0,0.0,0.0,0.0,0.0,0.0,0.0017917698,0.0,0.0,0.0014636205,0.00021702602,0.0005760778459211843,3.318656845611917e-07,2.654418331595374
square_firstorder_90Percentile,0.0,0.0,0.0,0.0,0.0,0.0,0.0,0.0,0.0,0.0,0.0,0.0,0.0,0.0,0.0,0.0,0.0,0.0,
square_firstorder_InterquartileRange,0.05374237,0.0064837555,0.0011069804,0.0,0.0,0.0,0.0,0.00031519437,0.00019909083,0.0,0.0,0.0,0.0,0.0,0.0,0.004123159406666666,0.013827093374098078,0.00019118851117602695,3.353518991223402
square_firstorder_Maximum,0.0,0.0,0.0,0.0,0.0,0.0052029006,0.0011189316,0.0,0.0,0.0,0.0,0.0,0.0,0.0,0.0,0.00042145548000000003,0.001353772816840521,1.832700839616319e-06,3.212137179567628
square_firstorder_Mean,0.0,0.0,0.0,0.0,0.0,0.03198605,0.0,0.00044686082,0.0,0.0,0.0,0.0,0.0,0.00022958449,0.0,0.0021774996873333338,0.00824723856342208,6.80169439219963e-05,3.7874809403633156
square_firstorder_Skewness,0.0,0.0,0.01504995,0.0010051614,0.0011027204,0.0,0.0,0.0,0.0,0.0012472017,0.0,0.0,0.0,0.0,0.0031173485,0.0014348254666666667,0.0038648586065167558,1.4937132048366639e-05,2.6936088718131357
square_glcm_ClusterProminence,0.14914197,0.0,0.0,0.0,0.0,0.0,0.0,0.0,0.0,0.0,0.0,0.0,0.0,0.0,0.0,0.009942798000000001,0.03850829106870441,0.0014828884810320598,3.872983346207416
square_gldm_DependenceEntropy,0.0,0.0,0.0,0.0,0.0,0.0,0.0019951367,0.0,0.0,0.0,0.0,0.0,0.0,0.0019908226,0.0,0.00026573061999999995,0.00070126180358153,4.917681171624203e-07,2.638995098049032
square_gldm_DependenceNonUniformityNormalized,0.0,0.0,0.0,0.0,0.0,0.0,0.0,0.0,0.0,0.0,0.0,0.0,0.0,0.0,0.0,0.0,0.0,0.0,
square_gldm_DependenceNonUniformityNormalized_lag_1,0.0,0.0,0.0,0.0,0.0,0.0,0.0034124884,0.0,0.0,0.0,0.0,0.0,0.0,0.0,0.0,0.00022749922666666668,0.0008811007161550661,7.763384720089704e-07,3.872983346207416
square_glrlm_HighGrayLevelRunEmphasis,0.0,0.0,0.0,0.0,0.0,0.0,0.0,0.0,0.0,0.0,0.0,0.0,0.0,0.0,0.0,0.0,0.0,0.0,
square_glrlm_LongRunHighGrayLevelEmphasis,0.0,0.0,0.0,0.0,0.0,0.0,0.0,0.0,0.0,0.0,0.0,0.0,0.0,0.00026223488,0.0,1.7482325333333332e-05,6.770875486898002e-05,4.584475485907626e-09,3.872983346207417
square_glrlm_LongRunLowGrayLevelEmphasis,0.0,0.0,0.0,0.0,0.0,0.0,0.0,0.0,0.0,0.0,0.0,0.0,0.0,0.0,0.0,0.0,0.0,0.0,
square_glrlm_RunEntropy,0.0,0.0,0.0,0.0,0.0,0.0,0.0,0.0,0.0,0.0,0.0,0.0,0.0,0.0,0.0,0.0,0.0,0.0,
square_glrlm_ShortRunHighGrayLevelEmphasis,0.0,0.0,0.0,0.0,0.0,0.0,0.0,0.0029826632,0.0,0.0,0.007314526,0.0,0.005102726,0.004215518,0.0,0.0013076955466666668,0.0023987490842272167,5.753997169080911e-06,1.834332991606234
square_glrlm_ShortRunHighGrayLevelEmphasis_lag_1,0.0,0.0,0.0,0.0,0.0,0.0,0.0,0.0,0.0028320781,0.0,0.003485058,0.0,0.014082999,0.0,0.0,0.0013600090066666667,0.0036912327498377613,1.362519921347484e-05,2.714123753404281
square_glszm_GrayLevelNonUniformity,0.0,0.0,0.0,0.0,0.0,0.0,0.0,0.0,0.0,0.0,0.0,0.0,0.0,0.0,0.0,0.0,0.0,0.0,
square_glszm_GrayLevelNonUniformityNormalized,0.0,0.011886339,0.0,0.0,0.0,0.0,0.0,0.0,0.0,0.0,0.0,0.0,0.0,0.0,0.0,0.0007924226,0.003069039532958381,9.419003654861398e-06,3.8729833462074166
square_glszm_GrayLevelNonUniformityNormalized_lag_1,0.0,0.0,0.0,0.0,0.0,0.0,0.0,0.0,0.0,0.001339914,0.0,0.0,0.0,0.0,0.0,8.93276e-05,0.0003459643071566777,1.196913018264e-07,3.8729833462074175
square_glszm_GrayLevelVariance,0.0,0.04130173,0.0060747936,0.00047662598,0.0,0.0,0.0,0.0,0.0,0.0,0.0,0.0,0.0,0.0034532603,0.0,0.0034204273253333334,0.010621401410701631,0.0001128141679272546,3.1052849250836037
square_glszm_HighGrayLevelZoneEmphasis,0.0,0.0,0.00683681,0.0,0.0,0.0,0.0,0.0,0.0,0.0,0.0,0.0,0.0,0.0,0.0,0.0004557873333333333,0.0017652567514122887,3.1161313984066667e-06,3.8729833462074175
square_glszm_HighGrayLevelZoneEmphasis_lag_1,0.0,0.0,0.0,0.0,0.0,0.0,0.0,0.0,0.0,0.0016375514,0.0,0.0,0.0,0.0,0.0,0.00010917009333333333,0.00042281395338390933,1.7877163917613065e-07,3.8729833462074166
square_glszm_LargeAreaHighGrayLevelEmphasis,0.0,0.0,0.0,0.0,0.0,0.0,0.0,0.0,0.0,0.0,0.0,0.0,0.0,0.0,0.0,0.0,0.0,0.0,
square_glszm_LargeAreaHighGrayLevelEmphasis_lag_1,0.0,0.0,0.0,0.0,0.0,0.0,0.0,0.0,0.0,0.0,0.0,0.0,0.0,0.0,0.0,0.0,0.0,0.0,
square_glszm_SizeZoneNonUniformity,0.0,0.05116579,0.0,0.0,0.0,0.0,0.0,0.0,0.0,0.0,0.0,0.0,0.0,0.0,0.0,0.0034110526666666667,0.013210950171036401,0.0001745292044216067,3.8729833462074175
square_glszm_ZoneEntropy,0.0,0.0,0.024241617,0.0,0.0,0.0,0.0,0.0,0.0,0.0,0.0,0.0,0.0,0.0,0.0,0.0016161078,0.006259158595075907,3.91770663183126e-05,3.872983346207417
square_ngtdm_Busyness,0.0,0.0,0.0,0.0,0.0,0.0,0.0,0.0,0.0,0.00017376231,0.0002537191,0.00016529564,0.00017181401,0.00015390731,0.00015722863,7.171513333333333e-05,9.360701349047446e-05,8.762272974605867e-09,1.3052616531490953
squareroot_firstorder_90Percentile,0.076205835,0.0,0.0,0.0,0.0,0.0,0.0,0.00944497,0.0,0.0,0.0,0.0,0.0,0.0,0.0,0.005710053666666667,0.019653182318111313,0.0003862475752289232,3.4418559728851315
squareroot_firstorder_Entropy,0.0,0.0,0.0,0.018196141,0.0947346,0.032680433,0.047929283,0.015947985,0.021070862,0.008235756,0.0,0.0,0.0,0.0038638057,0.0,0.016177257713333334,0.02608569937987585,0.0006804637121372553,1.6124920454457468
squareroot_firstorder_Entropy_lag_1,0.0,0.0,0.003686603,0.013461078,0.0,0.036645252,0.0,0.0014794435,0.0,0.013009761,0.0,0.0,0.0,0.0,0.0,0.0045521425,0.009993850862932155,9.987705507052978e-05,2.195416963096422
squareroot_firstorder_Mean,0.0,0.0,0.0,0.0,0.0,0.0,0.0,0.0,0.0,0.0,0.0,0.0,0.0,0.0,0.0,0.0,0.0,0.0,
squareroot_firstorder_Mean_lag_1,0.0,0.0,0.0,0.0,0.0,0.0,0.0,0.0,0.0,0.0,0.0,0.0,0.0,0.0,0.0,0.0,0.0,0.0,
squareroot_glcm_Autocorrelation,0.0,0.0,0.0,0.0,0.0,0.0,0.0,0.0,0.0,0.0,0.0,0.0,0.0,0.0,0.0,0.0,0.0,0.0,
squareroot_glcm_Autocorrelation_lag_1,0.0,0.0,0.0,0.0,0.0,0.0,0.0023055552,0.0,0.0,0.0,0.0,0.0,0.0012776145,0.0,0.0,0.00023887798,0.0006596505162867946,4.3513880363743466e-07,2.7614538447068018
squareroot_glcm_ClusterShade,0.0,0.0,0.0,0.0,0.0,0.05783356,0.0,0.0,0.0,0.0025796231,0.0,0.007863523,0.0051031085,0.0,0.0,0.00489198764,0.014833067985073235,0.00022001990584980455,3.0321147714660284
squareroot_glcm_ClusterShade_lag_1,0.0,0.0,0.0,0.0,0.0,0.0,0.0,0.0,0.0,0.0,0.0,0.0,0.0,0.0,0.0,0.0,0.0,0.0,
squareroot_gldm_DependenceEntropy,0.0,0.03918032,0.00054749724,0.0,0.0,0.0147474995,0.0,0.0018829261,0.003397409,0.00082053326,0.004201012,0.0012580121,0.0,0.0,0.0018256544,0.004524057573333334,0.010296340195249774,0.00010601462141631616,2.2759083031879745
squareroot_gldm_DependenceNonUniformityNormalized,0.0,0.0,0.0,0.0,0.0,0.0,0.0,0.0,0.0,0.0,0.0,0.0,0.00025897482,0.0,0.0,1.7264988000000002e-05,6.686701099647089e-05,4.471197159602158e-09,3.8729833462074157
squareroot_glrlm_GrayLevelNonUniformityNormalized,0.0,0.0,0.0,0.0,0.0,0.0,0.0,0.0,0.004425976,0.0,0.0,0.0,0.0,0.0,0.0,0.00029506506666666666,0.001142782089247581,1.3059509035050664e-06,3.8729833462074166
squareroot_glrlm_GrayLevelVariance,0.0,0.0,0.0,0.0,0.0,0.0,0.0,0.0,0.0,0.0,0.0,0.0,0.0,0.0,0.0,0.0,0.0,0.0,
squareroot_glrlm_LongRunHighGrayLevelEmphasis,0.0,0.0,0.0,0.0,0.0,0.0,0.0,0.0,0.0,0.0,0.0,0.0,0.0,0.0,0.0,0.0,0.0,0.0,
squareroot_glrlm_LongRunLowGrayLevelEmphasis,0.0,0.0,0.0,0.0,0.0,0.0,0.0,0.0,0.0,0.0,0.0,0.0,0.0,0.0,0.0,0.0,0.0,0.0,
squareroot_glrlm_RunEntropy,0.0,0.0,0.0,0.0,0.0,0.0,0.0,0.0,0.0,0.0,0.0,0.0,0.0,0.0,0.0,0.0,0.0,0.0,
squareroot_glszm_GrayLevelNonUniformity,0.0,0.0,0.0,0.0,0.0,0.0,0.0,0.020383438,0.0,0.011352618,0.0,0.0,0.0,0.0,0.0,0.0021157370666666665,0.005838427687832933,3.408723786605421e-05,2.759524224355226
squareroot_glszm_GrayLevelVariance,0.0,0.0,0.0,0.0,0.0,0.0,0.0,0.0,0.0,0.0,0.0,0.0,0.0,0.06329719,0.0,0.004219812666666667,0.01634326418211511,0.0002671022841264067,3.872983346207417
squareroot_glszm_HighGrayLevelZoneEmphasis,0.0,0.0021512853,0.0008926248,0.0,0.0,0.0,0.0,0.0,0.0,0.0,0.0,0.0,0.0,0.0,0.0,0.00020292734,0.0005859738472820264,3.433653496984996e-07,2.887604239438739
squareroot_glszm_LargeAreaEmphasis,0.0,0.0,0.0,0.0,0.0,0.0,0.0,0.0,0.0,0.0,0.0,0.0,0.0026401018,0.0009590596,0.0,0.00023994409333333335,0.0007084356665938627,5.018810937022905e-07,2.9525030466563513
squareroot_glszm_LargeAreaHighGrayLevelEmphasis,0.0,0.0,0.0,0.0,0.0,0.0,0.0,0.0,0.0,0.0,0.0,0.0,0.0,0.0037896426,0.0,0.00025264284,0.0009784815118585451,9.574260690489843e-07,3.872983346207418
squareroot_glszm_LargeAreaLowGrayLevelEmphasis,0.0,0.0,0.0,0.0,0.0,0.0,0.0,0.0,0.0,0.0,0.0,0.0,0.0,0.0,0.0,0.0,0.0,0.0,
squareroot_glszm_SizeZoneNonUniformity,0.0,0.0,0.0,0.0,0.0,0.0,0.0,0.0,0.0,0.0,0.0,0.0,0.0,0.0,0.0,0.0,0.0,0.0,
squareroot_glszm_SizeZoneNonUniformityNormalized,0.0,0.0,0.0,0.0,0.0,0.0,0.0,0.0,0.0,0.0,0.0,0.0024707161,0.0,0.0,0.0,0.00016471440666666667,0.0006379361539004359,4.069625364532806e-07,3.8729833462074166
squareroot_glszm_SizeZoneNonUniformityNormalized_lag_1,0.0,0.0,0.0,0.0042040227,0.0,0.0,0.0063311965,0.0,0.0,0.0,0.0,0.0,0.0,0.0,0.0,0.0007023479466666666,0.0018965846448461036,3.597033315066021e-06,2.7003490988295296
squareroot_glszm_SmallAreaHighGrayLevelEmphasis,0.0,0.03398986,0.0017757526,0.020879949,0.027347874,0.017158093,0.00077481626,0.0005799572,0.0006820599,0.0007107512,0.0016606263,0.0007434304,0.00063935487,0.0014170595,0.001854454,0.007347602548666666,0.011458019131426706,0.0001312862024161404,1.559422826089843
squareroot_ngtdm_Busyness,0.0,0.0,0.026685724,0.0,0.0,0.0,0.0,0.0,0.0,0.0,0.007003547,0.0,0.0023653377,0.0,0.014367788,0.0033614931133333333,0.00757680271415211,5.740793936918279e-05,2.2539991779542214
squareroot_ngtdm_Complexity,0.0,0.0,0.0,0.0,0.0,0.0,0.0,0.0,0.0,0.0,0.0,0.0,0.0,0.0,0.0,0.0,0.0,0.0,
wavelet-HH_firstorder_Skewness,0.0,0.0,0.0016724628,0.0,0.0,0.0,0.00093028066,0.0,0.00056575035,0.0,0.012138304,0.0061749453,0.0011166352,0.0004885198,0.00040313025,0.0015660018906666665,0.0033200001266829753,1.1022400841174972e-05,2.120048606882339
wavelet-HH_gldm_DependenceEntropy,0.013401948,0.0,0.0,0.0059021893,0.0,0.0,0.0,0.0014119585,0.0011176339,0.0,0.0,0.0,0.0,0.02770707,0.0,0.00330271998,0.007661373991180983,5.869665143274442e-05,2.319716487493736
wavelet-HH_gldm_DependenceEntropy_lag_1,0.0,0.0,0.0,0.0,0.0,0.0,0.0,0.0034314175,0.0,0.0,0.0,0.0,0.0,0.0,0.056732997,0.004010960966666667,0.01461186029155636,0.00021350646117996151,3.642982420669038
wavelet-HL_firstorder_Skewness,0.023643479,0.0,0.0,0.0,0.0,0.0,0.0,0.0,0.0,0.0,0.0,0.0,0.0,0.0,0.0070528593,0.0020464225533333336,0.0062446505365287746,3.899566032336911e-05,3.051496146950257
wavelet-HL_gldm_DependenceEntropy,0.0,0.0,0.0,0.0,0.0,0.0,0.0,0.0,0.0,0.0,0.0,0.0,0.0,0.0,0.0,0.0,0.0,0.0,
wavelet-HL_gldm_LargeDependenceHighGrayLevelEmphasis,0.0,0.0,0.0,0.0,0.0,0.0,0.0,0.0,0.0,0.0,0.005354135,0.0,0.0,0.0,0.0,0.00035694233333333333,0.0013824317125564168,1.9111174398816673e-06,3.8729833462074175
wavelet-HL_gldm_LargeDependenceHighGrayLevelEmphasis_lag_1,0.0,0.0,0.0,0.0,0.0,0.0,0.00042890964,0.0,0.0,0.0,0.0,0.0,0.0,0.006182166,0.0,0.000440738376,0.0015921545418002923,2.5349560849752985e-06,3.6124708636678653
wavelet-HL_gldm_LargeDependenceLowGrayLevelEmphasis,0.0,0.0,0.0,0.0,0.011959984,0.0,0.0,0.0,0.0,0.0,0.0,0.0,4.48005e-05,0.0,0.0,0.0008003189666666667,0.0030872499047228815,9.53111197421144e-06,3.8575243537977064
wavelet-HL_glszm_SizeZoneNonUniformity,0.0,0.0,0.0,0.0,0.0,0.0,0.0,0.0,0.0,0.0,0.0,0.0,0.0,0.0,0.0,0.0,0.0,0.0,
wavelet-LH_firstorder_Kurtosis,0.011598958,0.003186274,0.0024039978,0.0013270484,0.000869525,0.0005300996,0.00195732,0.0004168289,0.00038755548,0.0020329396,0.0016640868,0.0,0.0016246749,0.0014354526,0.001039531,0.002031619472,0.002779916989390441,7.727938467901613e-06,1.3683256277583271
wavelet-LH_firstorder_Skewness,0.0,0.0,0.0,0.0064470368,0.0037754741,0.0005577167,0.00036871716,0.02626811,0.10375186,0.021412585,0.042427886,0.055455796,0.00017374738,0.021504648,0.016751476,0.019926336875999998,0.028824475790271628,0.0008308504045839552,1.4465516652480603
wavelet-LH_firstorder_Skewness_lag_1,0.0,0.0,0.0,0.0,0.0,0.0011640325,0.0011212107,0.0,0.00055501965,0.00034667758,0.00057825167,0.002312255,0.00021876284,0.0,0.0023126355,0.0005739230293333333,0.0008096092934307516,6.554672080094408e-07,1.4106583148809875
wavelet-LH_gldm_DependenceEntropy,0.0,0.0,0.0,0.0,0.0,0.0,0.0,0.0,0.0019415651,0.0,0.0,0.0,0.0,0.0009761131,0.0,0.00019451188,0.0005447770677476773,2.9678205354375743e-07,2.800739305731235
wavelet-LH_gldm_LargeDependenceLowGrayLevelEmphasis,0.0,0.0,0.0038071428,0.0,0.0,0.0,0.0,0.0,0.0,0.0,0.0,0.0,0.0,0.0,0.0,0.00025380952,0.0009830000440688984,9.662890866394563e-07,3.8729833462074175
wavelet-LH_glszm_SizeZoneNonUniformity,0.0,0.0,0.0009237634,0.0,0.0,0.0,0.035725586,0.0,0.008690863,0.0,0.0,0.0,0.00046353435,0.0,0.0,0.0030535831166666667,0.009308411134502793,8.664651784893558e-05,3.048356890531928
wavelet-LL_firstorder_Entropy,0.0,0.0,0.0,0.0,0.0,0.0,0.0,0.0,0.0,0.0,0.0022120627,0.0,0.0,0.0,0.0047275955,0.00046264388000000006,0.0013102014622849232,1.7166278717735511e-06,2.83198701836264
wavelet-LL_glcm_ClusterShade,0.0,0.0060368096,0.015074933,0.0009963433,0.0,0.0,0.0,0.00039883828,0.0,0.0031170188,0.0,0.0,0.0,0.0,0.0,0.0017082628653333335,0.004060188445570248,1.648513021354215e-05,2.376793717153117
wavelet-LL_gldm_DependenceEntropy,0.0,0.0,0.0,0.0,0.0,0.0,0.0,0.0,0.0,0.0,0.0,0.0,0.0,0.017477173,0.0,0.0011651448666666665,0.004512586664519061,2.0363438404795266e-05,3.8729833462074175
wavelet-LL_gldm_DependenceNonUniformityNormalized,0.0,0.0,0.0,0.0,0.0,0.0,0.0,0.0,0.0,0.0,0.0038050318,0.0,0.0,0.0,0.0,0.0002536687866666667,0.000982454986212642,9.652177999340825e-07,3.8729833462074166
wavelet-LL_gldm_DependenceNonUniformityNormalized_lag_1,0.0,0.0,0.0,0.0,0.0,0.0,0.017396849,0.0,0.0,0.0,0.0,0.0,0.0,0.0,0.0,0.0011597899333333332,0.00449184709689901,2.0176690341920064e-05,3.872983346207417
wavelet-LL_glrlm_LongRunHighGrayLevelEmphasis,0.0,0.0,0.0,0.0,0.0,0.021456214,0.0,0.0,0.0,0.0,0.0,0.0,0.0,0.0,0.0,0.0014304142666666667,0.005539970632977495,3.0691274614253065e-05,3.872983346207417
wavelet-LL_glrlm_LongRunHighGrayLevelEmphasis_lag_1,0.0,0.0,0.0,0.0,0.0,0.0,0.0,0.0,0.0,0.0,0.0,0.0,0.0,0.0,0.0,0.0,0.0,0.0,
wavelet-LL_glrlm_LongRunLowGrayLevelEmphasis,0.0,0.0,0.0,0.0,0.0048791296,0.00018143612,0.0,0.0,0.00019666736,0.0,0.0,0.0,0.0,0.0,0.0,0.00035048220533333334,0.0012545612814815392,1.5739240089926018e-06,3.579529181198694
wavelet-LL_glrlm_LongRunLowGrayLevelEmphasis_lag_1,0.0,0.0,0.0,0.0,0.0,0.0,0.0,0.0,0.0,0.0,0.0,0.0,0.0,0.0,0.0,0.0,0.0,0.0,
wavelet-LL_glrlm_RunEntropy,0.0,0.0,0.0,0.0,0.0,0.0,0.0063360143,0.0,0.0,0.0,0.015627032,0.0,0.0,0.0,0.0,0.0014642030866666665,0.004244246914132837,1.8013631868126112e-05,2.8986736558485773
wavelet-LL_glrlm_RunEntropy_lag_1,0.0,0.0,0.0,0.0,0.0,0.0,0.0,0.0,0.0,0.0,0.0,0.070459485,0.009050915,0.024816709,0.011721706,0.007736587666666667,0.018711920751762354,0.0003501359782202346,2.418627120633979
wavelet-LL_glrlm_RunLengthNonUniformity,0.0,0.0,0.0,0.0,0.00790675,0.056595396,0.0,0.0,0.0,0.0,0.0,0.0,0.0,0.0,0.0022200372,0.004448145546666667,0.014574180023647845,0.0002124067233616959,3.2764620381114513
wavelet-LL_glszm_GrayLevelNonUniformity,0.0,0.0,0.0,0.0,0.0,0.0,0.0,0.0,0.016872253,0.0,0.0,0.0,0.0,0.0,0.0,0.0011248168666666667,0.004356396992133208,1.8978194753067263e-05,3.8729833462074166
wavelet-LL_glszm_LargeAreaLowGrayLevelEmphasis,0.0,0.0,0.0,0.0,0.0,0.0,0.0,0.0,0.0,0.0,0.0,0.0,0.0,0.0,0.0,0.0,0.0,0.0,
wavelet-LL_glszm_SizeZoneNonUniformity,0.0,0.0,0.0,0.0,0.0,0.0,0.00020258962,0.0,0.0,0.0,0.0,0.0,0.0,0.0,0.0,1.3505974666666666e-05,5.2308414958299263e-05,2.736170275449626e-09,3.8729833462074166
wavelet-LL_ngtdm_Busyness,0.0,0.0,0.0,0.0018080837,0.0,0.0,0.0,0.0,0.0,0.0,0.0,0.0,0.0,0.0,0.0,0.00012053891333333334,0.0004668452039099392,2.179444444137127e-07,3.872983346207417
